city,city_name,state,region,population,prevalence_cases,prevalence_rate,new_dx_rate,new_dx_cases,viral_suppression_pct,late_dx_pct,linkage_to_care_pct,idu_prevalence_pct,idu_new_dx_pct,male_idu_prev_pct,female_idu_prev_pct,gini,poverty_pct,housing_burden_pct,mean_log10,sd_log10,vs_frac_used,unsupp_frac_used,vl_profile,median_vl_copies_ml,estimated_structural_delay_h,delay_category,late_dx_component_h,linkage_component_h,sdoh_component_h,estimated_annual_pwid_exposures
Atlanta,Atlanta,Georgia,South,6109782.0,44756.0,875.0,31.0,1730.0,65.4,19.4,77.9,2.9407999999999994,1.2704,2.0,6.8,0.468,11.0,14.7,2.549,1.604,0.65,0.35,moderate_burden,354.0,5.0,low_barrier,0.0,3.6,1.4,110
Austin,Austin,Texas,South,2296657.0,8135.0,423.0,16.0,338.0,67.8,20.6,86.4,3.3693999999999997,,1.8,13.6,0.461,9.9,14.7,2.478,1.575,0.674,0.326,low_burden,301.0,3.0,low_barrier,0.7,1.1,1.2,0
BatonRouge,"Baton
Rouge",Louisiana,South,453223.0,4084.0,1072.0,35.0,128.0,77.8,15.9,78.8,8.335799999999999,,7.7,9.4,0.477,16.0,13.5,2.196,1.417,0.768,0.232,low_burden,157.0,5.0,low_barrier,0.0,3.4,1.6,0
Bridgeport,Bridgeport,Connecticut,Northeast,957499.0,2686.0,331.0,9.0,64.0,67.6,18.7,81.3,16.6284,,15.4,19.1,0.544,9.4,18.9,2.532,1.597,0.656,0.344,moderate_burden,340.0,5.5,low_barrier,0.0,2.6,2.9,0
BrowardCO,BrowardCO,Florida,South,1944357.0,21819.0,1309.0,34.0,582.0,69.7,18.7,75.5,3.8604000000000003,,2.8,7.2,0.508,13.1,23.1,2.423,1.549,0.692,0.308,low_burden,265.0,6.5,low_barrier,0.0,4.3,2.2,0
Charleston,Charleston,"South
Carolina",South,475712.0,1851.0,457.0,20.0,81.0,66.9,22.8,73.4,4.1681,,3.6,5.9,0.479,11.2,14.5,2.508,1.588,0.664,0.336,moderate_burden,322.0,9.9,moderate_barrier,3.4,5.0,1.6,0
Charlotte,Charlotte,"North
Carolina",South,1125589.0,7481.0,796.0,29.0,283.0,66.3,20.0,79.3,3.6025,,3.0,5.5,0.476,10.5,12.6,2.524,1.594,0.659,0.341,moderate_burden,334.0,4.7,low_barrier,0.0,3.2,1.5,0
Columbia,Columbia,"South
Carolina",South,695679.0,3953.0,671.0,26.0,116.0,72.0,28.4,89.0,5.722599999999999,,4.1,10.2,0.467,14.7,14.2,2.361,1.517,0.713,0.287,low_burden,229.0,11.7,moderate_barrier,10.1,0.3,1.3,0
Dallas,Dallas,Texas,South,2828994.0,21649.0,927.0,36.0,910.0,64.3,20.0,73.9,2.5298999999999996,2.181,1.1,9.0,0.464,10.5,14.8,2.58,1.616,0.64,0.36,moderate_burden,380.0,6.1,low_barrier,0.0,4.8,1.3,99
Denver,"Denver
Metro
Area",Colorado,West,2925462.0,10726.0,434.0,14.0,273.0,56.8,20.8,85.3,4.0342,,2.8,13.0,0.449,8.2,14.5,2.811,1.683,0.563,0.437,moderate_burden,646.0,3.4,low_barrier,1.0,1.4,1.0,0
ElPaso,"El
Paso",Texas,South,809805.0,2779.0,416.0,22.0,120.0,61.6,17.7,82.3,3.3626,,2.1,12.8,0.465,18.9,15.4,2.664,1.645,0.612,0.388,moderate_burden,461.0,4.0,low_barrier,0.0,2.3,1.7,0
FortWorth,"Fort
Worth",Texas,South,2187926.0,7575.0,422.0,19.0,314.0,67.5,20.0,76.1,4.977,5.642,2.7,12.6,0.464,10.5,14.8,2.493,1.581,0.669,0.331,low_burden,311.0,5.5,low_barrier,0.0,4.2,1.3,89
HamptonRoads,"Hampton
Roads",Virginia,South,1792080.0,7886.0,521.0,17.0,270.0,63.0,20.1,73.9,6.1592,5.951199999999998,4.7,10.4,0.446,10.9,15.7,2.632,1.634,0.623,0.377,moderate_burden,429.0,5.9,low_barrier,0.1,4.8,0.9,80
Hartford,"Hartford
MSA",Connecticut,Northeast,1210012.0,3551.0,340.0,7.0,70.0,69.0,37.2,82.1,23.4212,,22.0,26.4,0.467,9.8,14.7,2.514,1.59,0.662,0.338,moderate_burden,327.0,24.4,high_barrier,20.6,2.4,1.3,0
Houston,Houston,Texas,South,5165930.0,32674.0,774.0,33.0,1297.0,57.8,22.1,75.2,4.44,1.9804,3.3,8.3,0.483,13.6,15.6,2.782,1.677,0.573,0.427,moderate_burden,605.0,8.6,moderate_barrier,2.5,4.4,1.7,128
Jackson,Jackson,Mississippi,South,496280.0,3258.0,782.0,30.0,108.0,51.8,14.3,76.2,3.2830000000000004,,2.5,5.2,0.49,17.4,13.7,2.958,1.708,0.514,0.486,moderate_burden,907.0,6.2,low_barrier,0.0,4.1,2.0,0
Jacksonville,Jacksonville,Florida,South,1576506.0,8280.0,623.0,23.0,327.0,66.2,19.8,72.6,6.3096000000000005,4.2536000000000005,4.5,10.3,0.465,12.1,14.8,2.537,1.599,0.654,0.346,moderate_burden,344.0,6.5,low_barrier,0.0,5.2,1.3,70
KansasCity,"Kansas
City",Missouri,Midwest,828483.0,3463.0,500.0,16.0,121.0,59.4,16.7,78.9,4.577,,3.0,12.5,0.451,10.0,11.7,2.734,1.665,0.589,0.411,moderate_burden,543.0,4.3,low_barrier,0.0,3.3,1.0,0
LosAngeles,"Los
Angeles
County",California,West,10096172.0,50857.0,588.0,18.0,1587.0,65.2,19.0,79.9,3.274,4.127000000000001,2.4,10.0,0.491,12.6,23.2,2.556,1.607,0.648,0.352,moderate_burden,360.0,4.8,low_barrier,0.0,3.0,1.8,327
MiamiDadeCO,MiamiDadeCO,Florida,South,2701790.0,28955.0,1239.0,44.0,1007.0,59.7,18.2,78.4,3.5775,,2.7,6.6,0.508,13.1,23.1,2.722,1.661,0.593,0.407,moderate_burden,527.0,5.6,low_barrier,0.0,3.5,2.2,0
Milwaukee,Milwaukee,Wisconsin,Midwest,796125.0,3137.0,476.0,15.0,119.0,73.3,14.6,88.5,5.6195,,4.3,10.8,0.471,12.4,14.0,2.321,1.496,0.726,0.274,low_burden,210.0,1.9,low_barrier,0.0,0.4,1.4,0
NewHaven,NewHaven,Connecticut,Northeast,864886.0,3386.0,454.0,8.0,71.0,75.1,28.3,90.0,21.6096,,19.8,25.0,0.478,11.6,17.7,2.325,1.498,0.725,0.275,low_burden,211.0,11.5,moderate_barrier,10.0,0.0,1.6,0
NewOrleans,"New
Orleans
Metro
Area",Louisiana,South,1295793.0,8600.0,780.0,23.0,246.0,71.0,17.5,80.1,5.7879000000000005,7.2011,4.7,9.0,0.509,18.3,19.1,2.391,1.533,0.703,0.297,low_burden,246.0,5.5,low_barrier,0.0,3.0,2.5,89
NewYork,"New
York
City","New
York",Northeast,8752065.0,101822.0,1356.0,22.0,1603.0,62.1,21.2,79.6,10.3672,1.2752,9.1,13.9,0.514,12.4,21.0,2.674,1.648,0.609,0.391,moderate_burden,472.0,6.8,low_barrier,1.4,3.1,2.3,102
OrangeCO,"Orange
County",California,West,3199809.0,7492.0,273.0,10.0,258.0,64.3,23.3,85.9,5.877599999999999,6.5268,4.5,15.7,0.491,12.6,23.2,2.592,1.62,0.636,0.364,moderate_burden,391.0,7.0,low_barrier,4.0,1.2,1.8,84
Orlando,"Orlando
MSA",Florida,South,2783948.0,15421.0,652.0,28.0,618.0,69.7,20.7,79.0,6.1561,1.7109999999999999,4.9,10.2,0.462,11.8,17.3,2.431,1.553,0.69,0.31,low_burden,270.0,5.4,low_barrier,0.8,3.3,1.2,53
PalmBeachCO,"West
Palm
Beach
(Palm
Beach
County)",Florida,South,1517810.0,8914.0,677.0,21.0,296.0,64.8,25.9,75.9,4.994400000000001,,3.9,7.1,0.508,13.1,23.1,2.574,1.614,0.642,0.358,moderate_burden,375.0,13.5,moderate_barrier,7.1,4.2,2.2,0
Phoenix,Phoenix,Arizona,West,4486401.0,14014.0,374.0,17.0,586.0,53.6,20.2,81.3,5.837,3.7960000000000003,4.3,14.9,0.455,11.2,13.8,2.913,1.702,0.529,0.471,moderate_burden,818.0,3.9,low_barrier,0.2,2.6,1.1,111
Raleigh,"Raleigh
(Wake
County)","North
Carolina",South,1183174.0,4131.0,419.0,14.0,148.0,65.5,24.1,77.3,3.83,,2.6,7.6,0.449,8.6,11.7,2.549,1.604,0.65,0.35,moderate_burden,354.0,9.7,moderate_barrier,4.9,3.8,1.0,0
Richmond,"Richmond
MSA",Virginia,South,1343235.0,5741.0,504.0,19.0,188.0,65.2,21.9,75.8,7.119,,5.9,11.2,0.461,10.0,13.4,2.57,1.612,0.643,0.357,moderate_burden,371.0,7.8,low_barrier,2.3,4.3,1.2,0
SanAntonio,"San
Antonio",Texas,South,2555986.0,8702.0,411.0,20.0,402.0,64.5,19.9,74.2,4.2632,2.6728,2.5,14.1,0.46,13.4,14.7,2.58,1.616,0.64,0.36,moderate_burden,380.0,5.9,low_barrier,0.0,4.7,1.2,54
SanJuan,SanJuan,"Puerto
Rico",-1,2239892.0,12457.0,627.0,15.0,290.0,52.1,16.1,63.0,22.152700000000003,,23.8,18.1,0.547,37.9,14.4,3.017,1.715,0.494,0.506,moderate_burden,1039.0,13.3,moderate_barrier,0.0,8.1,5.2,0
StLouis,"St.
Louis",Missouri,Midwest,1249740.0,6058.0,569.0,21.0,203.0,61.0,20.4,83.6,3.2775999999999996,,2.3,7.5,0.466,10.3,11.5,2.682,1.65,0.606,0.394,moderate_burden,481.0,3.7,low_barrier,0.5,1.9,1.3,0
Tampa,"Tampa
MSA",Florida,South,3231226.0,15612.0,560.0,21.0,491.0,72.0,20.0,76.3,6.359999999999999,5.327999999999999,4.6,12.6,0.479,12.2,16.2,2.363,1.519,0.712,0.288,low_burden,231.0,5.7,low_barrier,0.0,4.1,1.6,131
