V0,log10_V0,n_total,n_integrated,p_extinct,T_int_median_h,T_int_p5_h,T_int_p95_h,t_crit_eta_05_h,t_crit_eta_50_h,t_crit_eta_80_h,elapsed_sec
1,0.0,200,84,0.58,55.66598731344118,54.958015594963996,56.77405003365849,57.0,55.0,44.5,0.8741159439086914
3,0.47712125471966244,200,173,0.135,54.96258759025641,54.159013747274905,56.470590656596976,56.5,54.0,44.0,2.6332449913024902
10,1.0,200,199,0.005,53.689977535361976,53.089611386096784,54.76105102248975,54.5,53.0,44.0,7.172358989715576
30,1.4771212547196624,200,200,0.0,34.077102474878316,33.896945033113,34.64287294998529,35.0,34.0,22.5,1.0069971084594727
100,2.0,200,200,0.0,33.6866056594186,33.50586852318147,33.77680747464167,34.0,33.5,22.0,0.8500857353210449
300,2.4771212547196626,200,200,0.0,33.17204748984233,32.942736004187594,33.34247443303232,33.5,33.0,22.0,1.4588520526885986
1000,3.0,200,200,0.0,32.26418273796101,32.11611142721642,32.43633158299351,32.5,32.0,22.0,3.771160125732422
3000,3.4771212547196626,200,200,0.0,31.126399176011525,31.048289696505755,31.222378620083145,31.5,31.0,22.0,10.434504985809326
10000,4.0,200,200,0.0,29.8681982139953,29.816440768500993,29.919413430931723,30.0,30.0,22.0,33.694127321243286
