city,state,late_dx_pct,retention,delta_t_struct_h,delta_t_pharmacy_h,delta_t_total_h,E_PEP_R3,past_t_crit
Hartford,Connecticut,37.2,0.821,24.4,0,24.4,0.4788524443818392,False
Hartford,Connecticut,37.2,0.821,24.4,2,26.4,0.47461937729354453,False
Hartford,Connecticut,37.2,0.821,24.4,4,28.4,0.4677687295161878,False
Hartford,Connecticut,37.2,0.821,24.4,6,30.4,0.4151274674299175,False
Hartford,Connecticut,37.2,0.821,24.4,8,32.4,0.17478807971405988,False
Hartford,Connecticut,37.2,0.821,24.4,10,34.4,0.0046850789475847456,True
Hartford,Connecticut,37.2,0.821,24.4,12,36.4,0.0,True
SanJuan,"Puerto
Rico",16.1,0.63,13.3,0,13.3,0.9718242707508022,False
SanJuan,"Puerto
Rico",16.1,0.63,13.3,2,15.3,0.9702120482758326,False
SanJuan,"Puerto
Rico",16.1,0.63,13.3,4,17.3,0.9681578370994111,False
SanJuan,"Puerto
Rico",16.1,0.63,13.3,6,19.3,0.9655079754634085,False
SanJuan,"Puerto
Rico",16.1,0.63,13.3,8,21.3,0.9620182618536792,False
SanJuan,"Puerto
Rico",16.1,0.63,13.3,10,23.3,0.48055250565472296,False
SanJuan,"Puerto
Rico",16.1,0.63,13.3,12,25.3,0.4771623080099463,False
PalmBeachCO,Florida,25.9,0.759,13.5,0,13.5,0.9716823360436557,False
PalmBeachCO,Florida,25.9,0.759,13.5,2,15.5,0.9700319119607596,False
PalmBeachCO,Florida,25.9,0.759,13.5,4,17.5,0.9679273324647892,False
PalmBeachCO,Florida,25.9,0.759,13.5,6,19.5,0.9652083118475684,False
PalmBeachCO,Florida,25.9,0.759,13.5,8,21.5,0.9616188624556574,False
PalmBeachCO,Florida,25.9,0.759,13.5,10,23.5,0.4802751770095026,False
PalmBeachCO,Florida,25.9,0.759,13.5,12,25.5,0.4767568818799407,False
Columbia,"South
Carolina",28.4,0.89,11.7,0,11.7,0.9728650854031045,False
Columbia,"South
Carolina",28.4,0.89,11.7,2,13.7,0.9715317432132469,False
Columbia,"South
Carolina",28.4,0.89,11.7,4,15.7,0.9698405246928598,False
Columbia,"South
Carolina",28.4,0.89,11.7,6,17.7,0.9676816439939222,False
Columbia,"South
Carolina",28.4,0.89,11.7,8,19.7,0.9648872146821855,False
Columbia,"South
Carolina",28.4,0.89,11.7,10,21.7,0.7698478287383348,False
Columbia,"South
Carolina",28.4,0.89,11.7,12,23.7,0.4799720850055336,False
NewHaven,Connecticut,28.3,0.9,11.5,0,11.5,0.9729839053523568,False
NewHaven,Connecticut,28.3,0.9,11.5,2,13.5,0.9716823360436557,False
NewHaven,Connecticut,28.3,0.9,11.5,4,15.5,0.9700319119607596,False
NewHaven,Connecticut,28.3,0.9,11.5,6,17.5,0.9679273324647892,False
NewHaven,Connecticut,28.3,0.9,11.5,8,19.5,0.9652083118475684,False
NewHaven,Connecticut,28.3,0.9,11.5,10,21.5,0.9616188624556574,False
NewHaven,Connecticut,28.3,0.9,11.5,12,23.5,0.4802751770095026,False
Charleston,"South
Carolina",22.8,0.7340000000000001,9.9,0,9.9,0.9739251569829173,False
Charleston,"South
Carolina",22.8,0.7340000000000001,9.9,2,11.9,0.9727462654538521,False
Charleston,"South
Carolina",22.8,0.7340000000000001,9.9,4,13.9,0.9713811503828379,False
Charleston,"South
Carolina",22.8,0.7340000000000001,9.9,6,15.9,0.96964913742496,False
Charleston,"South
Carolina",22.8,0.7340000000000001,9.9,8,17.9,0.9674359555230553,False
Charleston,"South
Carolina",22.8,0.7340000000000001,9.9,10,19.9,0.9645661175168027,False
Charleston,"South
Carolina",22.8,0.7340000000000001,9.9,12,21.9,0.5780767950210122,False
Raleigh,"North
Carolina",24.1,0.773,9.7,0,9.7,0.9740824555219658,False
Raleigh,"North
Carolina",24.1,0.773,9.7,2,11.7,0.9728650854031045,False
Raleigh,"North
Carolina",24.1,0.773,9.7,4,13.7,0.9715317432132469,False
Raleigh,"North
Carolina",24.1,0.773,9.7,6,15.7,0.9698405246928598,False
Raleigh,"North
Carolina",24.1,0.773,9.7,8,17.7,0.9676816439939222,False
Raleigh,"North
Carolina",24.1,0.773,9.7,10,19.7,0.9648872146821855,False
Raleigh,"North
Carolina",24.1,0.773,9.7,12,21.7,0.7698478287383348,False
Houston,Texas,22.1,0.752,8.6,0,8.6,0.9749684667555006,False
Houston,Texas,22.1,0.752,8.6,2,10.6,0.9734745402004029,False
Houston,Texas,22.1,0.752,8.6,4,12.6,0.9723047374191854,False
Houston,Texas,22.1,0.752,8.6,6,14.6,0.9708215198362913,False
Houston,Texas,22.1,0.752,8.6,8,16.6,0.9689365376506778,False
Houston,Texas,22.1,0.752,8.6,10,18.6,0.9665176558983942,False
Houston,Texas,22.1,0.752,8.6,12,20.6,0.9633586242513554,False
Jackson,Mississippi,14.3,0.762,6.2,0,6.2,0.9767870476493684,False
Jackson,Mississippi,14.3,0.762,6.2,2,8.2,0.975287199161812,False
Jackson,Mississippi,14.3,0.762,6.2,4,10.2,0.9737188007289292,False
Jackson,Mississippi,14.3,0.762,6.2,6,12.2,0.9725607647159761,False
Jackson,Mississippi,14.3,0.762,6.2,8,14.2,0.9711460470238815,False
Jackson,Mississippi,14.3,0.762,6.2,10,16.2,0.9693499756948105,False
Jackson,Mississippi,14.3,0.762,6.2,12,18.2,0.9670509476330533,False
Richmond,Virginia,21.9,0.758,7.8,0,7.8,0.9756006514107138,False
Richmond,Virginia,21.9,0.758,7.8,2,9.8,0.9740038062524415,False
Richmond,Virginia,21.9,0.758,7.8,4,11.8,0.9728056754284783,False
Richmond,Virginia,21.9,0.758,7.8,6,13.8,0.9714564467980423,False
Richmond,Virginia,21.9,0.758,7.8,8,15.8,0.9697448310589099,False
Richmond,Virginia,21.9,0.758,7.8,10,17.8,0.9675587997584888,False
Richmond,Virginia,21.9,0.758,7.8,12,19.8,0.9647266660994941,False
NewYork,"New
York",21.2,0.7959999999999999,6.8,0,6.8,0.9763553499592075,False
NewYork,"New
York",21.2,0.7959999999999999,6.8,2,8.8,0.9748069360309867,False
NewYork,"New
York",21.2,0.7959999999999999,6.8,4,10.8,0.9733691400967416,False
NewYork,"New
York",21.2,0.7959999999999999,6.8,6,12.8,0.9721709551153537,False
NewYork,"New
York",21.2,0.7959999999999999,6.8,8,14.8,0.9706518862923667,False
NewYork,"New
York",21.2,0.7959999999999999,6.8,10,16.8,0.9687200658510108,False
NewYork,"New
York",21.2,0.7959999999999999,6.8,12,18.8,0.9662375633927814,False
OrangeCO,California,23.3,0.8590000000000001,7.0,0,7.0,0.9762092277704744,False
OrangeCO,California,23.3,0.8590000000000001,7.0,2,9.0,0.9746454053064727,False
OrangeCO,California,23.3,0.8590000000000001,7.0,4,11.0,0.9732637399930802,False
OrangeCO,California,23.3,0.8590000000000001,7.0,6,13.0,0.9720371728115219,False
OrangeCO,California,23.3,0.8590000000000001,7.0,8,15.0,0.9704822527484421,False
OrangeCO,California,23.3,0.8590000000000001,7.0,10,17.0,0.9685035940513438,False
OrangeCO,California,23.3,0.8590000000000001,7.0,12,19.0,0.9659574708871687,False
Jacksonville,Florida,19.8,0.726,6.5,0,6.5,0.9765745332423071,False
Jacksonville,Florida,19.8,0.726,6.5,2,8.5,0.9750492321177576,False
Jacksonville,Florida,19.8,0.726,6.5,4,10.5,0.9735272402522336,False
Jacksonville,Florida,19.8,0.726,6.5,6,12.5,0.9723716285711013,False
Jacksonville,Florida,19.8,0.726,6.5,8,14.5,0.9709063366082535,False
Jacksonville,Florida,19.8,0.726,6.5,10,16.5,0.9690447735505112,False
Jacksonville,Florida,19.8,0.726,6.5,12,18.5,0.9666577021512006,False
MiamiDadeCO,Florida,18.2,0.784,5.6,0,5.6,0.9772032959850646,False
MiamiDadeCO,Florida,18.2,0.784,5.6,2,7.6,0.9757554589635795,False
MiamiDadeCO,Florida,18.2,0.784,5.6,4,9.6,0.9741611047914901,False
MiamiDadeCO,Florida,18.2,0.784,5.6,6,11.6,0.9729244953777306,False
MiamiDadeCO,Florida,18.2,0.784,5.6,8,13.6,0.9716070396284513,False
MiamiDadeCO,Florida,18.2,0.784,5.6,10,15.6,0.9699362183268097,False
MiamiDadeCO,Florida,18.2,0.784,5.6,12,17.6,0.9678044882293557,False
HamptonRoads,Virginia,20.1,0.7390000000000001,5.9,0,5.9,0.9769973669368232,False
HamptonRoads,Virginia,20.1,0.7390000000000001,5.9,2,7.9,0.975523247634281,False
HamptonRoads,Virginia,20.1,0.7390000000000001,5.9,4,9.9,0.9739251569829173,False
HamptonRoads,Virginia,20.1,0.7390000000000001,5.9,6,11.9,0.9727462654538521,False
HamptonRoads,Virginia,20.1,0.7390000000000001,5.9,8,13.9,0.9713811503828379,False
HamptonRoads,Virginia,20.1,0.7390000000000001,5.9,10,15.9,0.96964913742496,False
HamptonRoads,Virginia,20.1,0.7390000000000001,5.9,12,17.9,0.9674359555230553,False
Dallas,Texas,20.0,0.7390000000000001,6.1,0,6.1,0.9768578857850555,False
Dallas,Texas,20.0,0.7390000000000001,6.1,2,8.1,0.97536652150983,False
Dallas,Texas,20.0,0.7390000000000001,6.1,4,10.1,0.9737826542211611,False
Dallas,Texas,20.0,0.7390000000000001,6.1,6,12.1,0.972623810097601,False
Dallas,Texas,20.0,0.7390000000000001,6.1,8,14.1,0.9712259504957574,False
Dallas,Texas,20.0,0.7390000000000001,6.1,10,16.1,0.9694517097429103,False
Dallas,Texas,20.0,0.7390000000000001,6.1,12,18.1,0.9671820294603375,False
SanAntonio,Texas,19.9,0.742,5.9,0,5.9,0.9769973669368232,False
SanAntonio,Texas,19.9,0.742,5.9,2,7.9,0.975523247634281,False
SanAntonio,Texas,19.9,0.742,5.9,4,9.9,0.9739251569829173,False
SanAntonio,Texas,19.9,0.742,5.9,6,11.9,0.9727462654538521,False
SanAntonio,Texas,19.9,0.742,5.9,8,13.9,0.9713811503828379,False
SanAntonio,Texas,19.9,0.742,5.9,10,15.9,0.96964913742496,False
SanAntonio,Texas,19.9,0.742,5.9,12,17.9,0.9674359555230553,False
BrowardCO,Florida,18.7,0.755,6.5,0,6.5,0.9765745332423071,False
BrowardCO,Florida,18.7,0.755,6.5,2,8.5,0.9750492321177576,False
BrowardCO,Florida,18.7,0.755,6.5,4,10.5,0.9735272402522336,False
BrowardCO,Florida,18.7,0.755,6.5,6,12.5,0.9723716285711013,False
BrowardCO,Florida,18.7,0.755,6.5,8,14.5,0.9709063366082535,False
BrowardCO,Florida,18.7,0.755,6.5,10,16.5,0.9690447735505112,False
BrowardCO,Florida,18.7,0.755,6.5,12,18.5,0.9666577021512006,False
Phoenix,Arizona,20.2,0.813,3.9,0,3.9,0.9782989278666162,False
Phoenix,Arizona,20.2,0.813,3.9,2,5.9,0.9769973669368232,False
Phoenix,Arizona,20.2,0.813,3.9,4,7.9,0.975523247634281,False
Phoenix,Arizona,20.2,0.813,3.9,6,9.9,0.9739251569829173,False
Phoenix,Arizona,20.2,0.813,3.9,8,11.9,0.9727462654538521,False
Phoenix,Arizona,20.2,0.813,3.9,10,13.9,0.9713811503828379,False
Phoenix,Arizona,20.2,0.813,3.9,12,15.9,0.96964913742496,False
Bridgeport,Connecticut,18.7,0.813,5.5,0,5.5,0.9772719390011452,False
Bridgeport,Connecticut,18.7,0.813,5.5,2,7.5,0.9758328627400124,False
Bridgeport,Connecticut,18.7,0.813,5.5,4,9.5,0.9742397540610144,False
Bridgeport,Connecticut,18.7,0.813,5.5,6,11.5,0.9729839053523568,False
Bridgeport,Connecticut,18.7,0.813,5.5,8,13.5,0.9716823360436557,False
Bridgeport,Connecticut,18.7,0.813,5.5,10,15.5,0.9700319119607596,False
Bridgeport,Connecticut,18.7,0.813,5.5,12,17.5,0.9679273324647892,False
FortWorth,Texas,20.0,0.7609999999999999,5.5,0,5.5,0.9772719390011452,False
FortWorth,Texas,20.0,0.7609999999999999,5.5,2,7.5,0.9758328627400124,False
FortWorth,Texas,20.0,0.7609999999999999,5.5,4,9.5,0.9742397540610144,False
FortWorth,Texas,20.0,0.7609999999999999,5.5,6,11.5,0.9729839053523568,False
FortWorth,Texas,20.0,0.7609999999999999,5.5,8,13.5,0.9716823360436557,False
FortWorth,Texas,20.0,0.7609999999999999,5.5,10,15.5,0.9700319119607596,False
FortWorth,Texas,20.0,0.7609999999999999,5.5,12,17.5,0.9679273324647892,False
KansasCity,Missouri,16.7,0.789,4.3,0,4.3,0.978051287193038,False
KansasCity,Missouri,16.7,0.789,4.3,2,6.3,0.9767162095136813,False
KansasCity,Missouri,16.7,0.789,4.3,4,8.3,0.9752078768137938,False
KansasCity,Missouri,16.7,0.789,4.3,6,10.3,0.9736549472366973,False
KansasCity,Missouri,16.7,0.789,4.3,8,12.3,0.9724977193343511,False
KansasCity,Missouri,16.7,0.789,4.3,10,14.3,0.9710661435520055,False
KansasCity,Missouri,16.7,0.789,4.3,12,16.3,0.9692482416467108,False
Atlanta,Georgia,19.4,0.779,5.0,0,5.0,0.9776044264243393,False
Atlanta,Georgia,19.4,0.779,5.0,2,7.0,0.9762092277704744,False
Atlanta,Georgia,19.4,0.779,5.0,4,9.0,0.9746454053064727,False
Atlanta,Georgia,19.4,0.779,5.0,6,11.0,0.9732637399930802,False
Atlanta,Georgia,19.4,0.779,5.0,8,13.0,0.9720371728115219,False
Atlanta,Georgia,19.4,0.779,5.0,10,15.0,0.9704822527484421,False
Atlanta,Georgia,19.4,0.779,5.0,12,17.0,0.9685035940513438,False
NewOrleans,Louisiana,17.5,0.8009999999999999,5.5,0,5.5,0.9772719390011452,False
NewOrleans,Louisiana,17.5,0.8009999999999999,5.5,2,7.5,0.9758328627400124,False
NewOrleans,Louisiana,17.5,0.8009999999999999,5.5,4,9.5,0.9742397540610144,False
NewOrleans,Louisiana,17.5,0.8009999999999999,5.5,6,11.5,0.9729839053523568,False
NewOrleans,Louisiana,17.5,0.8009999999999999,5.5,8,13.5,0.9716823360436557,False
NewOrleans,Louisiana,17.5,0.8009999999999999,5.5,10,15.5,0.9700319119607596,False
NewOrleans,Louisiana,17.5,0.8009999999999999,5.5,12,17.5,0.9679273324647892,False
Tampa,Florida,20.0,0.763,5.7,0,5.7,0.9771346529689842,False
Tampa,Florida,20.0,0.763,5.7,2,7.7,0.9756780551871467,False
Tampa,Florida,20.0,0.763,5.7,4,9.7,0.9740824555219658,False
Tampa,Florida,20.0,0.763,5.7,6,11.7,0.9728650854031045,False
Tampa,Florida,20.0,0.763,5.7,8,13.7,0.9715317432132469,False
Tampa,Florida,20.0,0.763,5.7,10,15.7,0.9698405246928598,False
Tampa,Florida,20.0,0.763,5.7,12,17.7,0.9676816439939222,False
Orlando,Florida,20.7,0.79,5.4,0,5.4,0.977338436485784,False
Orlando,Florida,20.7,0.79,5.4,2,7.4,0.9759081357461048,False
Orlando,Florida,20.7,0.79,5.4,4,9.4,0.974320884310106,False
Orlando,Florida,20.7,0.79,5.4,6,11.4,0.9730398722805015,False
Orlando,Florida,20.7,0.79,5.4,8,13.4,0.971753303397229,False
Orlando,Florida,20.7,0.79,5.4,10,15.4,0.9701219801182961,False
Orlando,Florida,20.7,0.79,5.4,12,17.4,0.9680425847821001,False
LosAngeles,California,19.0,0.799,4.8,0,4.8,0.9777332532651811,False
LosAngeles,California,19.0,0.799,4.8,2,6.8,0.9763553499592075,False
LosAngeles,California,19.0,0.799,4.8,4,8.8,0.9748069360309867,False
LosAngeles,California,19.0,0.799,4.8,6,10.8,0.9733691400967416,False
LosAngeles,California,19.0,0.799,4.8,8,12.8,0.9721709551153537,False
LosAngeles,California,19.0,0.799,4.8,10,14.8,0.9706518862923667,False
LosAngeles,California,19.0,0.799,4.8,12,16.8,0.9687200658510108,False
Charlotte,"North
Carolina",20.0,0.7929999999999999,4.7,0,4.7,0.9777976666856021,False
Charlotte,"North
Carolina",20.0,0.7929999999999999,4.7,2,6.7,0.976428411053574,False
Charlotte,"North
Carolina",20.0,0.7929999999999999,4.7,4,8.7,0.9748877013932437,False
Charlotte,"North
Carolina",20.0,0.7929999999999999,4.7,6,10.7,0.9734218401485722,False
Charlotte,"North
Carolina",20.0,0.7929999999999999,4.7,8,12.7,0.9722378462672695,False
Charlotte,"North
Carolina",20.0,0.7929999999999999,4.7,10,14.7,0.970736703064329,False
Charlotte,"North
Carolina",20.0,0.7929999999999999,4.7,12,16.7,0.9688283017508442,False
StLouis,Missouri,20.4,0.836,3.7,0,3.7,0.9784198282139902,False
StLouis,Missouri,20.4,0.836,3.7,2,5.7,0.9771346529689842,False
StLouis,Missouri,20.4,0.836,3.7,4,7.7,0.9756780551871467,False
StLouis,Missouri,20.4,0.836,3.7,6,9.7,0.9740824555219658,False
StLouis,Missouri,20.4,0.836,3.7,8,11.7,0.9728650854031045,False
StLouis,Missouri,20.4,0.836,3.7,10,13.7,0.9715317432132469,False
StLouis,Missouri,20.4,0.836,3.7,12,15.7,0.9698405246928598,False
ElPaso,Texas,17.7,0.823,4.0,0,4.0,0.9782384776929293,False
ElPaso,Texas,17.7,0.823,4.0,2,6.0,0.9769287239207426,False
ElPaso,Texas,17.7,0.823,4.0,4,8.0,0.9754458438578482,False
ElPaso,Texas,17.7,0.823,4.0,6,10.0,0.973846507713393,False
ElPaso,Texas,17.7,0.823,4.0,8,12.0,0.972686855479226,False
ElPaso,Texas,17.7,0.823,4.0,10,14.0,0.9713058539676335,False
ElPaso,Texas,17.7,0.823,4.0,12,16.0,0.96955344379101,False
Denver,Colorado,20.8,0.853,3.4,0,3.4,0.9785993022753952,False
Denver,Colorado,20.8,0.853,3.4,2,5.4,0.977338436485784,False
Denver,Colorado,20.8,0.853,3.4,4,7.4,0.9759081357461048,False
Denver,Colorado,20.8,0.853,3.4,6,9.4,0.974320884310106,False
Denver,Colorado,20.8,0.853,3.4,8,11.4,0.9730398722805015,False
Denver,Colorado,20.8,0.853,3.4,10,13.4,0.971753303397229,False
Denver,Colorado,20.8,0.853,3.4,12,15.4,0.9701219801182961,False
BatonRouge,Louisiana,15.9,0.7879999999999999,5.0,0,5.0,0.9776044264243393,False
BatonRouge,Louisiana,15.9,0.7879999999999999,5.0,2,7.0,0.9762092277704744,False
BatonRouge,Louisiana,15.9,0.7879999999999999,5.0,4,9.0,0.9746454053064727,False
BatonRouge,Louisiana,15.9,0.7879999999999999,5.0,6,11.0,0.9732637399930802,False
BatonRouge,Louisiana,15.9,0.7879999999999999,5.0,8,13.0,0.9720371728115219,False
BatonRouge,Louisiana,15.9,0.7879999999999999,5.0,10,15.0,0.9704822527484421,False
BatonRouge,Louisiana,15.9,0.7879999999999999,5.0,12,17.0,0.9685035940513438,False
Austin,Texas,20.6,0.8640000000000001,3.0,0,3.0,0.9788335971315194,False
Austin,Texas,20.6,0.8640000000000001,3.0,2,5.0,0.9776044264243393,False
Austin,Texas,20.6,0.8640000000000001,3.0,4,7.0,0.9762092277704744,False
Austin,Texas,20.6,0.8640000000000001,3.0,6,9.0,0.9746454053064727,False
Austin,Texas,20.6,0.8640000000000001,3.0,8,11.0,0.9732637399930802,False
Austin,Texas,20.6,0.8640000000000001,3.0,10,13.0,0.9720371728115219,False
Austin,Texas,20.6,0.8640000000000001,3.0,12,15.0,0.9704822527484421,False
Milwaukee,Wisconsin,14.6,0.885,1.9,0,1.9,0.9794459122508474,False
Milwaukee,Wisconsin,14.6,0.885,1.9,2,3.9,0.9782989278666162,False
Milwaukee,Wisconsin,14.6,0.885,1.9,4,5.9,0.9769973669368232,False
Milwaukee,Wisconsin,14.6,0.885,1.9,6,7.9,0.975523247634281,False
Milwaukee,Wisconsin,14.6,0.885,1.9,8,9.9,0.9739251569829173,False
Milwaukee,Wisconsin,14.6,0.885,1.9,10,11.9,0.9727462654538521,False
Milwaukee,Wisconsin,14.6,0.885,1.9,12,13.9,0.9713811503828379,False
