time_h,E_PEP_V0_1,P_int_V0_1,E_PEP_V0_3,P_int_V0_3,E_PEP_V0_10,P_int_V0_10,E_PEP_V0_30,P_int_V0_30,E_PEP_V0_100,P_int_V0_100,E_PEP_V0_300,P_int_V0_300,E_PEP_V0_1000,P_int_V0_1000,E_PEP_V0_3000,P_int_V0_3000,E_PEP_V0_10000,P_int_V0_10000
0.0,0.95,0.0,0.95,0.0,0.95,0.0,0.95,0.0,0.95,0.0,0.95,0.0,0.95,0.0,0.95,0.0,0.95,0.0
0.5,0.95,0.0,0.95,0.0,0.95,0.0,0.95,0.0,0.95,0.0,0.95,0.0,0.95,0.0,0.95,0.0,0.95,0.0
1.0,0.95,0.0,0.95,0.0,0.95,0.0,0.95,0.0,0.95,0.0,0.95,0.0,0.95,0.0,0.95,0.0,0.95,0.0
1.5,0.95,0.0,0.95,0.0,0.95,0.0,0.95,0.0,0.95,0.0,0.95,0.0,0.95,0.0,0.95,0.0,0.95,0.0
2.0,0.95,0.0,0.95,0.0,0.95,0.0,0.95,0.0,0.95,0.0,0.95,0.0,0.95,0.0,0.95,0.0,0.95,0.0
2.5,0.95,0.0,0.95,0.0,0.95,0.0,0.95,0.0,0.95,0.0,0.95,0.0,0.95,0.0,0.95,0.0,0.95,0.0
3.0,0.95,0.0,0.95,0.0,0.95,0.0,0.95,0.0,0.95,0.0,0.95,0.0,0.95,0.0,0.95,0.0,0.95,0.0
3.5,0.95,0.0,0.95,0.0,0.95,0.0,0.95,0.0,0.95,0.0,0.95,0.0,0.95,0.0,0.95,0.0,0.95,0.0
4.0,0.95,0.0,0.95,0.0,0.95,0.0,0.95,0.0,0.95,0.0,0.95,0.0,0.95,0.0,0.95,0.0,0.95,0.0
4.5,0.95,0.0,0.95,0.0,0.95,0.0,0.95,0.0,0.95,0.0,0.95,0.0,0.95,0.0,0.95,0.0,0.95,0.0
5.0,0.95,0.0,0.95,0.0,0.95,0.0,0.95,0.0,0.95,0.0,0.95,0.0,0.95,0.0,0.95,0.0,0.95,0.0
5.5,0.95,0.0,0.95,0.0,0.95,0.0,0.95,0.0,0.95,0.0,0.95,0.0,0.95,0.0,0.95,0.0,0.95,0.0
6.0,0.95,0.0,0.95,0.0,0.95,0.0,0.95,0.0,0.95,0.0,0.95,0.0,0.95,0.0,0.95,0.0,0.95,0.0
6.5,0.95,0.0,0.95,0.0,0.95,0.0,0.95,0.0,0.95,0.0,0.95,0.0,0.95,0.0,0.95,0.0,0.95,0.0
7.0,0.95,0.0,0.95,0.0,0.95,0.0,0.95,0.0,0.95,0.0,0.95,0.0,0.95,0.0,0.95,0.0,0.95,0.0
7.5,0.95,0.0,0.95,0.0,0.95,0.0,0.95,0.0,0.95,0.0,0.95,0.0,0.95,0.0,0.95,0.0,0.95,0.0
8.0,0.95,0.0,0.95,0.0,0.95,0.0,0.95,0.0,0.95,0.0,0.95,0.0,0.95,0.0,0.95,0.0,0.95,0.0
8.5,0.95,0.0,0.95,0.0,0.95,0.0,0.95,0.0,0.95,0.0,0.95,0.0,0.95,0.0,0.95,0.0,0.95,0.0
9.0,0.95,0.0,0.95,0.0,0.95,0.0,0.95,0.0,0.95,0.0,0.95,0.0,0.95,0.0,0.95,0.0,0.95,0.0
9.5,0.95,0.0,0.95,0.0,0.95,0.0,0.95,0.0,0.95,0.0,0.95,0.0,0.95,0.0,0.95,0.0,0.95,0.0
10.0,0.95,0.0,0.95,0.0,0.95,0.0,0.95,0.0,0.95,0.0,0.95,0.0,0.95,0.0,0.95,0.0,0.95,0.0
10.5,0.95,0.0,0.95,0.0,0.95,0.0,0.95,0.0,0.95,0.0,0.95,0.0,0.95,0.0,0.95,0.0,0.95,0.0
11.0,0.95,0.0,0.95,0.0,0.95,0.0,0.95,0.0,0.95,0.0,0.95,0.0,0.95,0.0,0.95,0.0,0.95,0.0
11.5,0.95,0.0,0.95,0.0,0.95,0.0,0.95,0.0,0.95,0.0,0.95,0.0,0.95,0.0,0.95,0.0,0.95,0.0
12.0,0.95,0.0,0.95,0.0,0.95,0.0,0.95,0.0,0.95,0.0,0.95,0.0,0.95,0.0,0.95,0.0,0.95,0.0
12.5,0.95,0.0,0.95,0.0,0.95,0.0,0.95,0.0,0.95,0.0,0.95,0.0,0.95,0.0,0.95,0.0,0.95,0.0
13.0,0.95,0.0,0.95,0.0,0.95,0.0,0.95,0.0,0.95,0.0,0.95,0.0,0.95,0.0,0.95,0.0,0.95,0.0
13.5,0.95,0.0,0.95,0.0,0.95,0.0,0.95,0.0,0.95,0.0,0.95,0.0,0.95,0.0,0.95,0.0,0.95,0.0
14.0,0.95,0.0,0.95,0.0,0.95,0.0,0.95,0.0,0.95,0.0,0.95,0.0,0.95,0.0,0.95,0.0,0.95,0.0
14.5,0.95,0.0,0.95,0.0,0.95,0.0,0.95,0.0,0.95,0.0,0.95,0.0,0.95,0.0,0.95,0.0,0.95,0.0
15.0,0.95,0.0,0.95,0.0,0.95,0.0,0.95,0.0,0.95,0.0,0.95,0.0,0.95,0.0,0.95,0.0,0.95,0.0
15.5,0.95,0.0,0.95,0.0,0.95,0.0,0.95,0.0,0.95,0.0,0.95,0.0,0.95,0.0,0.95,0.0,0.95,0.0
16.0,0.95,0.0,0.95,0.0,0.95,0.0,0.95,0.0,0.95,0.0,0.95,0.0,0.95,0.0,0.95,0.0,0.95,0.0
16.5,0.95,0.0,0.95,0.0,0.95,0.0,0.95,0.0,0.95,0.0,0.95,0.0,0.95,0.0,0.95,0.0,0.95,0.0
17.0,0.95,0.0,0.95,0.0,0.95,0.0,0.95,0.0,0.95,0.0,0.95,0.0,0.95,0.0,0.95,0.0,0.95,0.0
17.5,0.95,0.0,0.95,0.0,0.95,0.0,0.95,0.0,0.95,0.0,0.95,0.0,0.95,0.0,0.95,0.0,0.95,0.0
18.0,0.95,0.0,0.95,0.0,0.95,0.0,0.95,0.0,0.95,0.0,0.95,0.0,0.95,0.0,0.95,0.0,0.95,0.0
18.5,0.95,0.0,0.95,0.0,0.95,0.0,0.95,0.0,0.95,0.0,0.95,0.0,0.95,0.0,0.95,0.0,0.95,0.0
19.0,0.95,0.0,0.95,0.0,0.95,0.0,0.95,0.0,0.95,0.0,0.95,0.0,0.95,0.0,0.95,0.0,0.95,0.0
19.5,0.95,0.0,0.95,0.0,0.95,0.0,0.95,0.0,0.95,0.0,0.95,0.0,0.95,0.0,0.95,0.0,0.95,0.0
20.0,0.95,0.0,0.95,0.0,0.95,0.0,0.95,0.0,0.95,0.0,0.95,0.0,0.95,0.0,0.95,0.0,0.95,0.0
20.5,0.95,0.0,0.95,0.0,0.95,0.0,0.95,0.0,0.95,0.0,0.95,0.0,0.95,0.0,0.95,0.0,0.95,0.0
21.0,0.95,0.0,0.95,0.0,0.95,0.0,0.95,0.0,0.95,0.0,0.95,0.0,0.95,0.0,0.95,0.0,0.95,0.0
21.5,0.95,0.0,0.95,0.0,0.95,0.0,0.95,0.0,0.95,0.0,0.95,0.0,0.95,0.0,0.95,0.0,0.95,0.0
22.0,0.95,0.0,0.95,0.0,0.95,0.0,0.9495499999999999,0.0,0.5144,0.0,0.5,0.0,0.5,0.0,0.5,0.0,0.5,0.0
22.5,0.95,0.0,0.95,0.0,0.95,0.0,0.9059,0.0,0.5,0.0,0.5,0.0,0.5,0.0,0.5,0.0,0.5,0.0
23.0,0.95,0.0,0.95,0.0,0.95,0.0,0.87305,0.0,0.5,0.0,0.5,0.0,0.5,0.0,0.5,0.0,0.5,0.0
23.5,0.95,0.0,0.95,0.0,0.95,0.0,0.8627,0.0,0.5,0.0,0.5,0.0,0.5,0.0,0.5,0.0,0.5,0.0
24.0,0.95,0.0,0.95,0.0,0.95,0.0,0.8618,0.0,0.5,0.0,0.5,0.0,0.5,0.0,0.5,0.0,0.5,0.0
24.5,0.95,0.0,0.95,0.0,0.95,0.0,0.8618,0.0,0.5,0.0,0.5,0.0,0.5,0.0,0.5,0.0,0.5,0.0
25.0,0.95,0.0,0.95,0.0,0.95,0.0,0.8618,0.0,0.5,0.0,0.5,0.0,0.5,0.0,0.5,0.0,0.5,0.0
25.5,0.95,0.0,0.95,0.0,0.95,0.0,0.8618,0.0,0.5,0.0,0.5,0.0,0.5,0.0,0.5,0.0,0.5,0.0
26.0,0.95,0.0,0.95,0.0,0.95,0.0,0.8618,0.0,0.5,0.0,0.5,0.0,0.5,0.0,0.5,0.0,0.5,0.0
26.5,0.95,0.0,0.95,0.0,0.95,0.0,0.8618,0.0,0.5,0.0,0.5,0.0,0.5,0.0,0.5,0.0,0.5,0.0
27.0,0.95,0.0,0.95,0.0,0.95,0.0,0.8618,0.0,0.5,0.0,0.5,0.0,0.5,0.0,0.5,0.0,0.5,0.0
27.5,0.95,0.0,0.95,0.0,0.95,0.0,0.8618,0.0,0.5,0.0,0.5,0.0,0.5,0.0,0.5,0.0,0.5,0.0
28.0,0.95,0.0,0.95,0.0,0.95,0.0,0.8618,0.0,0.5,0.0,0.5,0.0,0.5,0.0,0.5,0.0,0.5,0.0
28.5,0.95,0.0,0.95,0.0,0.95,0.0,0.8618,0.0,0.5,0.0,0.5,0.0,0.5,0.0,0.5,0.0,0.5,0.0
29.0,0.95,0.0,0.95,0.0,0.95,0.0,0.8618,0.0,0.5,0.0,0.5,0.0,0.5,0.0,0.5,0.0,0.5,0.0
29.5,0.95,0.0,0.95,0.0,0.95,0.0,0.8618,0.0,0.5,0.0,0.5,0.0,0.5,0.0,0.5,0.0,0.3165,0.367
30.0,0.95,0.0,0.95,0.0,0.95,0.0,0.8618,0.0,0.5,0.0,0.5,0.0,0.5,0.0,0.5,0.0,0.0,1.0
30.5,0.95,0.0,0.95,0.0,0.95,0.0,0.8618,0.0,0.5,0.0,0.5,0.0,0.5,0.0,0.5,0.0,0.0,1.0
31.0,0.95,0.0,0.95,0.0,0.95,0.0,0.8618,0.0,0.5,0.0,0.5,0.0,0.5,0.0,0.0,1.0,0.0,1.0
31.5,0.95,0.0,0.95,0.0,0.95,0.0,0.8618,0.0,0.5,0.0,0.5,0.0,0.5,0.0,0.0,1.0,0.0,1.0
32.0,0.95,0.0,0.95,0.0,0.95,0.0,0.8618,0.0,0.5,0.0,0.5,0.0,0.08650000000000002,0.827,0.0,1.0,0.0,1.0
32.5,0.95,0.0,0.95,0.0,0.95,0.0,0.8618,0.0,0.5,0.0,0.5,0.0,0.0,1.0,0.0,1.0,0.0,1.0
33.0,0.95,0.0,0.95,0.0,0.95,0.0,0.8618,0.0,0.5,0.0,0.428,0.144,0.0,1.0,0.0,1.0,0.0,1.0
33.5,0.95,0.0,0.95,0.0,0.95,0.0,0.8618,0.0,0.4915,0.017,0.017000000000000015,0.966,0.0,1.0,0.0,1.0,0.0,1.0
34.0,0.95,0.0,0.95,0.0,0.95,0.0,0.8603000000000001,0.003,0.020500000000000018,0.959,0.0,1.0,0.0,1.0,0.0,1.0,0.0,1.0
34.5,0.95,0.0,0.95,0.0,0.95,0.0,0.7843,0.155,0.0,1.0,0.0,1.0,0.0,1.0,0.0,1.0,0.0,1.0
35.0,0.95,0.0,0.95,0.0,0.95,0.0,0.7638,0.196,0.0,1.0,0.0,1.0,0.0,1.0,0.0,1.0,0.0,1.0
35.5,0.95,0.0,0.95,0.0,0.95,0.0,0.7638,0.196,0.0,1.0,0.0,1.0,0.0,1.0,0.0,1.0,0.0,1.0
36.0,0.95,0.0,0.95,0.0,0.95,0.0,0.7638,0.196,0.0,1.0,0.0,1.0,0.0,1.0,0.0,1.0,0.0,1.0
36.5,0.95,0.0,0.95,0.0,0.95,0.0,0.7638,0.196,0.0,1.0,0.0,1.0,0.0,1.0,0.0,1.0,0.0,1.0
37.0,0.95,0.0,0.95,0.0,0.95,0.0,0.7638,0.196,0.0,1.0,0.0,1.0,0.0,1.0,0.0,1.0,0.0,1.0
37.5,0.95,0.0,0.95,0.0,0.95,0.0,0.7638,0.196,0.0,1.0,0.0,1.0,0.0,1.0,0.0,1.0,0.0,1.0
38.0,0.95,0.0,0.95,0.0,0.95,0.0,0.7638,0.196,0.0,1.0,0.0,1.0,0.0,1.0,0.0,1.0,0.0,1.0
38.5,0.95,0.0,0.95,0.0,0.95,0.0,0.7638,0.196,0.0,1.0,0.0,1.0,0.0,1.0,0.0,1.0,0.0,1.0
39.0,0.95,0.0,0.95,0.0,0.95,0.0,0.7638,0.196,0.0,1.0,0.0,1.0,0.0,1.0,0.0,1.0,0.0,1.0
39.5,0.95,0.0,0.95,0.0,0.95,0.0,0.7638,0.196,0.0,1.0,0.0,1.0,0.0,1.0,0.0,1.0,0.0,1.0
40.0,0.95,0.0,0.95,0.0,0.95,0.0,0.7638,0.196,0.0,1.0,0.0,1.0,0.0,1.0,0.0,1.0,0.0,1.0
40.5,0.95,0.0,0.95,0.0,0.95,0.0,0.7638,0.196,0.0,1.0,0.0,1.0,0.0,1.0,0.0,1.0,0.0,1.0
41.0,0.95,0.0,0.95,0.0,0.95,0.0,0.7638,0.196,0.0,1.0,0.0,1.0,0.0,1.0,0.0,1.0,0.0,1.0
41.5,0.95,0.0,0.95,0.0,0.95,0.0,0.7638,0.196,0.0,1.0,0.0,1.0,0.0,1.0,0.0,1.0,0.0,1.0
42.0,0.95,0.0,0.95,0.0,0.95,0.0,0.7638,0.196,0.0,1.0,0.0,1.0,0.0,1.0,0.0,1.0,0.0,1.0
42.5,0.95,0.0,0.95,0.0,0.95,0.0,0.7638,0.196,0.0,1.0,0.0,1.0,0.0,1.0,0.0,1.0,0.0,1.0
43.0,0.95,0.0,0.95,0.0,0.95,0.0,0.7638,0.196,0.0,1.0,0.0,1.0,0.0,1.0,0.0,1.0,0.0,1.0
43.5,0.95,0.0,0.95,0.0,0.95,0.0,0.7638,0.196,0.0,1.0,0.0,1.0,0.0,1.0,0.0,1.0,0.0,1.0
44.0,0.95,0.0,0.95,0.0,0.9271739130434782,0.0,0.5468999999999999,0.196,0.0,1.0,0.0,1.0,0.0,1.0,0.0,1.0,0.0,1.0
44.5,0.9326315789473684,0.0,0.8759584664536741,0.0,0.6881987577639752,0.0,0.4056,0.196,0.0,1.0,0.0,1.0,0.0,1.0,0.0,1.0,0.0,1.0
45.0,0.7573684210526316,0.0,0.6818690095846645,0.0,0.540527950310559,0.0,0.402,0.196,0.0,1.0,0.0,1.0,0.0,1.0,0.0,1.0,0.0,1.0
45.5,0.62,0.0,0.5639776357827476,0.0,0.510248447204969,0.0,0.402,0.196,0.0,1.0,0.0,1.0,0.0,1.0,0.0,1.0,0.0,1.0
46.0,0.5536842105263158,0.0,0.5230031948881789,0.0,0.5032608695652174,0.0,0.402,0.196,0.0,1.0,0.0,1.0,0.0,1.0,0.0,1.0,0.0,1.0
46.5,0.5268421052631579,0.0,0.5129392971246006,0.0,0.5023291925465838,0.0,0.402,0.196,0.0,1.0,0.0,1.0,0.0,1.0,0.0,1.0,0.0,1.0
47.0,0.5173684210526316,0.0,0.5086261980830671,0.0,0.5023291925465838,0.0,0.402,0.196,0.0,1.0,0.0,1.0,0.0,1.0,0.0,1.0,0.0,1.0
47.5,0.5157894736842106,0.0,0.5071884984025559,0.0,0.5023291925465838,0.0,0.402,0.196,0.0,1.0,0.0,1.0,0.0,1.0,0.0,1.0,0.0,1.0
48.0,0.5142105263157895,0.0,0.5071884984025559,0.0,0.5023291925465838,0.0,0.402,0.196,0.0,1.0,0.0,1.0,0.0,1.0,0.0,1.0,0.0,1.0
48.5,0.5126315789473684,0.0,0.5071884984025559,0.0,0.5023291925465838,0.0,0.402,0.196,0.0,1.0,0.0,1.0,0.0,1.0,0.0,1.0,0.0,1.0
49.0,0.5126315789473684,0.0,0.5071884984025559,0.0,0.5023291925465838,0.0,0.402,0.196,0.0,1.0,0.0,1.0,0.0,1.0,0.0,1.0,0.0,1.0
49.5,0.5126315789473684,0.0,0.5071884984025559,0.0,0.5023291925465838,0.0,0.402,0.196,0.0,1.0,0.0,1.0,0.0,1.0,0.0,1.0,0.0,1.0
50.0,0.5126315789473684,0.0,0.5071884984025559,0.0,0.5023291925465838,0.0,0.402,0.196,0.0,1.0,0.0,1.0,0.0,1.0,0.0,1.0,0.0,1.0
50.5,0.5126315789473684,0.0,0.5071884984025559,0.0,0.5023291925465838,0.0,0.402,0.196,0.0,1.0,0.0,1.0,0.0,1.0,0.0,1.0,0.0,1.0
51.0,0.5126315789473684,0.0,0.5071884984025559,0.0,0.5023291925465838,0.0,0.402,0.196,0.0,1.0,0.0,1.0,0.0,1.0,0.0,1.0,0.0,1.0
51.5,0.5126315789473684,0.0,0.5071884984025559,0.0,0.5023291925465838,0.0,0.402,0.196,0.0,1.0,0.0,1.0,0.0,1.0,0.0,1.0,0.0,1.0
52.0,0.5126315789473684,0.0,0.5071884984025559,0.0,0.5023291925465838,0.0,0.402,0.196,0.0,1.0,0.0,1.0,0.0,1.0,0.0,1.0,0.0,1.0
52.5,0.5126315789473684,0.0,0.5071884984025559,0.0,0.5023291925465838,0.0,0.402,0.196,0.0,1.0,0.0,1.0,0.0,1.0,0.0,1.0,0.0,1.0
53.0,0.5126315789473684,0.0,0.5071884984025559,0.0,0.5023291925465838,0.0,0.402,0.196,0.0,1.0,0.0,1.0,0.0,1.0,0.0,1.0,0.0,1.0
53.5,0.5126315789473684,0.0,0.5071884984025559,0.0,0.5023291925465838,0.0,0.3385,0.323,0.0,1.0,0.0,1.0,0.0,1.0,0.0,1.0,0.0,1.0
54.0,0.5126315789473684,0.0,0.5071884984025559,0.0,0.49353002070393376,0.017598343685300208,0.14150000000000001,0.717,0.0,1.0,0.0,1.0,0.0,1.0,0.0,1.0,0.0,1.0
54.5,0.5126315789473684,0.0,0.5063897763578274,0.001597444089456869,0.4309006211180125,0.14285714285714285,0.04099999999999998,0.918,0.0,1.0,0.0,1.0,0.0,1.0,0.0,1.0,0.0,1.0
55.0,0.5126315789473684,0.0,0.4880191693290735,0.038338658146964855,0.2839026915113872,0.43685300207039335,0.010000000000000009,0.98,0.0,1.0,0.0,1.0,0.0,1.0,0.0,1.0,0.0,1.0
55.5,0.5056140350877193,0.014035087719298246,0.41054313099041534,0.19329073482428116,0.1539855072463768,0.6966873706004141,0.0015000000000000013,0.997,0.0,1.0,0.0,1.0,0.0,1.0,0.0,1.0,0.0,1.0
56.0,0.39859649122807017,0.22807017543859648,0.28674121405750796,0.44089456869009586,0.07013457556935818,0.8643892339544513,0.0,1.0,0.0,1.0,0.0,1.0,0.0,1.0,0.0,1.0,0.0,1.0
56.5,0.2319298245614035,0.5614035087719298,0.15175718849840256,0.7108626198083067,0.03131469979296068,0.9420289855072463,0.0,1.0,0.0,1.0,0.0,1.0,0.0,1.0,0.0,1.0,0.0,1.0
57.0,0.12140350877192982,0.7824561403508772,0.05111821086261979,0.9121405750798722,0.00750517598343684,0.989648033126294,0.0,1.0,0.0,1.0,0.0,1.0,0.0,1.0,0.0,1.0,0.0,1.0
57.5,0.05999999999999997,0.9052631578947369,0.027156549520766776,0.9600638977635783,0.005434782608695654,0.9937888198757764,0.0,1.0,0.0,1.0,0.0,1.0,0.0,1.0,0.0,1.0,0.0,1.0
58.0,0.03368421052631579,0.9578947368421052,0.019968051118210855,0.9744408945686901,0.004917184265010343,0.994824016563147,0.0,1.0,0.0,1.0,0.0,1.0,0.0,1.0,0.0,1.0,0.0,1.0
58.5,0.030175438596491216,0.9649122807017544,0.015974440894568658,0.9824281150159745,0.004917184265010343,0.994824016563147,0.0,1.0,0.0,1.0,0.0,1.0,0.0,1.0,0.0,1.0,0.0,1.0
59.0,0.02842105263157893,0.968421052631579,0.015175718849840241,0.9840255591054313,0.004917184265010343,0.994824016563147,0.0,1.0,0.0,1.0,0.0,1.0,0.0,1.0,0.0,1.0,0.0,1.0
59.5,0.026666666666666644,0.9719298245614035,0.015175718849840241,0.9840255591054313,0.004917184265010343,0.994824016563147,0.0,1.0,0.0,1.0,0.0,1.0,0.0,1.0,0.0,1.0,0.0,1.0
60.0,0.026666666666666644,0.9719298245614035,0.015175718849840241,0.9840255591054313,0.004917184265010343,0.994824016563147,0.0,1.0,0.0,1.0,0.0,1.0,0.0,1.0,0.0,1.0,0.0,1.0
60.5,0.026666666666666644,0.9719298245614035,0.015175718849840241,0.9840255591054313,0.004917184265010343,0.994824016563147,0.0,1.0,0.0,1.0,0.0,1.0,0.0,1.0,0.0,1.0,0.0,1.0
61.0,0.026666666666666644,0.9719298245614035,0.015175718849840241,0.9840255591054313,0.004917184265010343,0.994824016563147,0.0,1.0,0.0,1.0,0.0,1.0,0.0,1.0,0.0,1.0,0.0,1.0
61.5,0.026666666666666644,0.9719298245614035,0.015175718849840241,0.9840255591054313,0.004917184265010343,0.994824016563147,0.0,1.0,0.0,1.0,0.0,1.0,0.0,1.0,0.0,1.0,0.0,1.0
62.0,0.026666666666666644,0.9719298245614035,0.015175718849840241,0.9840255591054313,0.004917184265010343,0.994824016563147,0.0,1.0,0.0,1.0,0.0,1.0,0.0,1.0,0.0,1.0,0.0,1.0
62.5,0.026666666666666644,0.9719298245614035,0.015175718849840241,0.9840255591054313,0.004917184265010343,0.994824016563147,0.0,1.0,0.0,1.0,0.0,1.0,0.0,1.0,0.0,1.0,0.0,1.0
63.0,0.026666666666666644,0.9719298245614035,0.015175718849840241,0.9840255591054313,0.004917184265010343,0.994824016563147,0.0,1.0,0.0,1.0,0.0,1.0,0.0,1.0,0.0,1.0,0.0,1.0
63.5,0.026666666666666644,0.9719298245614035,0.015175718849840241,0.9840255591054313,0.004917184265010343,0.994824016563147,0.0,1.0,0.0,1.0,0.0,1.0,0.0,1.0,0.0,1.0,0.0,1.0
64.0,0.026666666666666644,0.9719298245614035,0.015175718849840241,0.9840255591054313,0.004917184265010343,0.994824016563147,0.0,1.0,0.0,1.0,0.0,1.0,0.0,1.0,0.0,1.0,0.0,1.0
64.5,0.026666666666666644,0.9719298245614035,0.015175718849840241,0.9840255591054313,0.004917184265010343,0.994824016563147,0.0,1.0,0.0,1.0,0.0,1.0,0.0,1.0,0.0,1.0,0.0,1.0
65.0,0.026666666666666644,0.9719298245614035,0.015175718849840241,0.9840255591054313,0.004917184265010343,0.994824016563147,0.0,1.0,0.0,1.0,0.0,1.0,0.0,1.0,0.0,1.0,0.0,1.0
65.5,0.026666666666666644,0.9719298245614035,0.015175718849840241,0.9840255591054313,0.004917184265010343,0.994824016563147,0.0,1.0,0.0,1.0,0.0,1.0,0.0,1.0,0.0,1.0,0.0,1.0
66.0,0.026666666666666644,0.9719298245614035,0.01373801916932909,0.9840255591054313,0.004917184265010343,0.994824016563147,0.0,1.0,0.0,1.0,0.0,1.0,0.0,1.0,0.0,1.0,0.0,1.0
66.5,0.02192982456140352,0.9719298245614035,0.010143769968051114,0.9840255591054313,0.0039855072463767845,0.994824016563147,0.0,1.0,0.0,1.0,0.0,1.0,0.0,1.0,0.0,1.0,0.0,1.0
67.0,0.01719298245614035,0.9719298245614035,0.009424920127795538,0.9840255591054313,0.0039855072463767845,0.994824016563147,0.0,1.0,0.0,1.0,0.0,1.0,0.0,1.0,0.0,1.0,0.0,1.0
67.5,0.01719298245614035,0.9719298245614035,0.008706070287539914,0.9840255591054313,0.0039855072463767845,0.994824016563147,0.0,1.0,0.0,1.0,0.0,1.0,0.0,1.0,0.0,1.0,0.0,1.0
68.0,0.015614035087719292,0.9719298245614035,0.008706070287539914,0.9840255591054313,0.0039855072463767845,0.994824016563147,0.0,1.0,0.0,1.0,0.0,1.0,0.0,1.0,0.0,1.0,0.0,1.0
68.5,0.015614035087719292,0.9719298245614035,0.008706070287539914,0.9840255591054313,0.0039855072463767845,0.994824016563147,0.0,1.0,0.0,1.0,0.0,1.0,0.0,1.0,0.0,1.0,0.0,1.0
69.0,0.014035087719298234,0.9719298245614035,0.007987220447284338,0.9840255591054313,0.0039855072463767845,0.994824016563147,0.0,1.0,0.0,1.0,0.0,1.0,0.0,1.0,0.0,1.0,0.0,1.0
69.5,0.014035087719298234,0.9719298245614035,0.007987220447284338,0.9840255591054313,0.0039855072463767845,0.994824016563147,0.0,1.0,0.0,1.0,0.0,1.0,0.0,1.0,0.0,1.0,0.0,1.0
70.0,0.014035087719298234,0.9719298245614035,0.007987220447284338,0.9840255591054313,0.0039855072463767845,0.994824016563147,0.0,1.0,0.0,1.0,0.0,1.0,0.0,1.0,0.0,1.0,0.0,1.0
70.5,0.014035087719298234,0.9719298245614035,0.007987220447284338,0.9840255591054313,0.0039855072463767845,0.994824016563147,0.0,1.0,0.0,1.0,0.0,1.0,0.0,1.0,0.0,1.0,0.0,1.0
71.0,0.014035087719298234,0.9719298245614035,0.007987220447284338,0.9840255591054313,0.0039855072463767845,0.994824016563147,0.0,1.0,0.0,1.0,0.0,1.0,0.0,1.0,0.0,1.0,0.0,1.0
71.5,0.014035087719298234,0.9719298245614035,0.007987220447284338,0.9840255591054313,0.0039855072463767845,0.994824016563147,0.0,1.0,0.0,1.0,0.0,1.0,0.0,1.0,0.0,1.0,0.0,1.0
72.0,0.014035087719298234,0.9719298245614035,0.007987220447284338,0.9840255591054313,0.0039855072463767845,0.994824016563147,0.0,1.0,0.0,1.0,0.0,1.0,0.0,1.0,0.0,1.0,0.0,1.0
72.5,0.014035087719298234,0.9719298245614035,0.007987220447284338,0.9840255591054313,0.0039855072463767845,0.994824016563147,0.0,1.0,0.0,1.0,0.0,1.0,0.0,1.0,0.0,1.0,0.0,1.0
73.0,0.014035087719298234,0.9719298245614035,0.007987220447284338,0.9840255591054313,0.0039855072463767845,0.994824016563147,0.0,1.0,0.0,1.0,0.0,1.0,0.0,1.0,0.0,1.0,0.0,1.0
73.5,0.014035087719298234,0.9719298245614035,0.007987220447284338,0.9840255591054313,0.0039855072463767845,0.994824016563147,0.0,1.0,0.0,1.0,0.0,1.0,0.0,1.0,0.0,1.0,0.0,1.0
74.0,0.014035087719298234,0.9719298245614035,0.007987220447284338,0.9840255591054313,0.0039855072463767845,0.994824016563147,0.0,1.0,0.0,1.0,0.0,1.0,0.0,1.0,0.0,1.0,0.0,1.0
74.5,0.014035087719298234,0.9719298245614035,0.007987220447284338,0.9840255591054313,0.0039855072463767845,0.994824016563147,0.0,1.0,0.0,1.0,0.0,1.0,0.0,1.0,0.0,1.0,0.0,1.0
75.0,0.014035087719298234,0.9719298245614035,0.007987220447284338,0.9840255591054313,0.0039855072463767845,0.994824016563147,0.0,1.0,0.0,1.0,0.0,1.0,0.0,1.0,0.0,1.0,0.0,1.0
75.5,0.014035087719298234,0.9719298245614035,0.007987220447284338,0.9840255591054313,0.0039855072463767845,0.994824016563147,0.0,1.0,0.0,1.0,0.0,1.0,0.0,1.0,0.0,1.0,0.0,1.0
76.0,0.010526315789473661,0.9789473684210527,0.005591054313099031,0.9888178913738019,0.003467908902691474,0.9958592132505176,0.0,1.0,0.0,1.0,0.0,1.0,0.0,1.0,0.0,1.0,0.0,1.0
76.5,0.010526315789473661,0.9789473684210527,0.003993610223642197,0.9920127795527156,0.0029503105590061637,0.9968944099378882,0.0,1.0,0.0,1.0,0.0,1.0,0.0,1.0,0.0,1.0,0.0,1.0
77.0,0.007017543859649145,0.9859649122807017,0.0015974440894568898,0.9968051118210862,0.0029503105590061637,0.9968944099378882,0.0,1.0,0.0,1.0,0.0,1.0,0.0,1.0,0.0,1.0,0.0,1.0
77.5,0.0052631578947368585,0.9894736842105263,0.0015974440894568898,0.9968051118210862,0.0029503105590061637,0.9968944099378882,0.0,1.0,0.0,1.0,0.0,1.0,0.0,1.0,0.0,1.0,0.0,1.0
78.0,0.0017543859649122862,0.9964912280701754,0.0007987220447284171,0.9984025559105432,0.0029503105590061637,0.9968944099378882,0.0,1.0,0.0,1.0,0.0,1.0,0.0,1.0,0.0,1.0,0.0,1.0
78.5,0.0017543859649122862,0.9964912280701754,0.0,1.0,0.0029503105590061637,0.9968944099378882,0.0,1.0,0.0,1.0,0.0,1.0,0.0,1.0,0.0,1.0,0.0,1.0
79.0,0.0,1.0,0.0,1.0,0.0029503105590061637,0.9968944099378882,0.0,1.0,0.0,1.0,0.0,1.0,0.0,1.0,0.0,1.0,0.0,1.0
79.5,0.0,1.0,0.0,1.0,0.0029503105590061637,0.9968944099378882,0.0,1.0,0.0,1.0,0.0,1.0,0.0,1.0,0.0,1.0,0.0,1.0
80.0,0.0,1.0,0.0,1.0,0.0029503105590061637,0.9968944099378882,0.0,1.0,0.0,1.0,0.0,1.0,0.0,1.0,0.0,1.0,0.0,1.0
80.5,0.0,1.0,0.0,1.0,0.0029503105590061637,0.9968944099378882,0.0,1.0,0.0,1.0,0.0,1.0,0.0,1.0,0.0,1.0,0.0,1.0
81.0,0.0,1.0,0.0,1.0,0.0029503105590061637,0.9968944099378882,0.0,1.0,0.0,1.0,0.0,1.0,0.0,1.0,0.0,1.0,0.0,1.0
81.5,0.0,1.0,0.0,1.0,0.0029503105590061637,0.9968944099378882,0.0,1.0,0.0,1.0,0.0,1.0,0.0,1.0,0.0,1.0,0.0,1.0
82.0,0.0,1.0,0.0,1.0,0.0029503105590061637,0.9968944099378882,0.0,1.0,0.0,1.0,0.0,1.0,0.0,1.0,0.0,1.0,0.0,1.0
82.5,0.0,1.0,0.0,1.0,0.0029503105590061637,0.9968944099378882,0.0,1.0,0.0,1.0,0.0,1.0,0.0,1.0,0.0,1.0,0.0,1.0
83.0,0.0,1.0,0.0,1.0,0.0029503105590061637,0.9968944099378882,0.0,1.0,0.0,1.0,0.0,1.0,0.0,1.0,0.0,1.0,0.0,1.0
83.5,0.0,1.0,0.0,1.0,0.0029503105590061637,0.9968944099378882,0.0,1.0,0.0,1.0,0.0,1.0,0.0,1.0,0.0,1.0,0.0,1.0
84.0,0.0,1.0,0.0,1.0,0.0029503105590061637,0.9968944099378882,0.0,1.0,0.0,1.0,0.0,1.0,0.0,1.0,0.0,1.0,0.0,1.0
84.5,0.0,1.0,0.0,1.0,0.0029503105590061637,0.9968944099378882,0.0,1.0,0.0,1.0,0.0,1.0,0.0,1.0,0.0,1.0,0.0,1.0
85.0,0.0,1.0,0.0,1.0,0.0029503105590061637,0.9968944099378882,0.0,1.0,0.0,1.0,0.0,1.0,0.0,1.0,0.0,1.0,0.0,1.0
85.5,0.0,1.0,0.0,1.0,0.0029503105590061637,0.9968944099378882,0.0,1.0,0.0,1.0,0.0,1.0,0.0,1.0,0.0,1.0,0.0,1.0
86.0,0.0,1.0,0.0,1.0,0.0029503105590061637,0.9968944099378882,0.0,1.0,0.0,1.0,0.0,1.0,0.0,1.0,0.0,1.0,0.0,1.0
86.5,0.0,1.0,0.0,1.0,0.0029503105590061637,0.9968944099378882,0.0,1.0,0.0,1.0,0.0,1.0,0.0,1.0,0.0,1.0,0.0,1.0
87.0,0.0,1.0,0.0,1.0,0.0029503105590061637,0.9968944099378882,0.0,1.0,0.0,1.0,0.0,1.0,0.0,1.0,0.0,1.0,0.0,1.0
87.5,0.0,1.0,0.0,1.0,0.0029503105590061637,0.9968944099378882,0.0,1.0,0.0,1.0,0.0,1.0,0.0,1.0,0.0,1.0,0.0,1.0
88.0,0.0,1.0,0.0,1.0,0.0029503105590061637,0.9968944099378882,0.0,1.0,0.0,1.0,0.0,1.0,0.0,1.0,0.0,1.0,0.0,1.0
88.5,0.0,1.0,0.0,1.0,0.0029503105590061637,0.9968944099378882,0.0,1.0,0.0,1.0,0.0,1.0,0.0,1.0,0.0,1.0,0.0,1.0
89.0,0.0,1.0,0.0,1.0,0.0029503105590061637,0.9968944099378882,0.0,1.0,0.0,1.0,0.0,1.0,0.0,1.0,0.0,1.0,0.0,1.0
89.5,0.0,1.0,0.0,1.0,0.0029503105590061637,0.9968944099378882,0.0,1.0,0.0,1.0,0.0,1.0,0.0,1.0,0.0,1.0,0.0,1.0
90.0,0.0,1.0,0.0,1.0,0.0029503105590061637,0.9968944099378882,0.0,1.0,0.0,1.0,0.0,1.0,0.0,1.0,0.0,1.0,0.0,1.0
90.5,0.0,1.0,0.0,1.0,0.0029503105590061637,0.9968944099378882,0.0,1.0,0.0,1.0,0.0,1.0,0.0,1.0,0.0,1.0,0.0,1.0
91.0,0.0,1.0,0.0,1.0,0.0029503105590061637,0.9968944099378882,0.0,1.0,0.0,1.0,0.0,1.0,0.0,1.0,0.0,1.0,0.0,1.0
91.5,0.0,1.0,0.0,1.0,0.0029503105590061637,0.9968944099378882,0.0,1.0,0.0,1.0,0.0,1.0,0.0,1.0,0.0,1.0,0.0,1.0
92.0,0.0,1.0,0.0,1.0,0.0029503105590061637,0.9968944099378882,0.0,1.0,0.0,1.0,0.0,1.0,0.0,1.0,0.0,1.0,0.0,1.0
92.5,0.0,1.0,0.0,1.0,0.0029503105590061637,0.9968944099378882,0.0,1.0,0.0,1.0,0.0,1.0,0.0,1.0,0.0,1.0,0.0,1.0
93.0,0.0,1.0,0.0,1.0,0.0029503105590061637,0.9968944099378882,0.0,1.0,0.0,1.0,0.0,1.0,0.0,1.0,0.0,1.0,0.0,1.0
93.5,0.0,1.0,0.0,1.0,0.0029503105590061637,0.9968944099378882,0.0,1.0,0.0,1.0,0.0,1.0,0.0,1.0,0.0,1.0,0.0,1.0
94.0,0.0,1.0,0.0,1.0,0.0029503105590061637,0.9968944099378882,0.0,1.0,0.0,1.0,0.0,1.0,0.0,1.0,0.0,1.0,0.0,1.0
94.5,0.0,1.0,0.0,1.0,0.0029503105590061637,0.9968944099378882,0.0,1.0,0.0,1.0,0.0,1.0,0.0,1.0,0.0,1.0,0.0,1.0
95.0,0.0,1.0,0.0,1.0,0.0029503105590061637,0.9968944099378882,0.0,1.0,0.0,1.0,0.0,1.0,0.0,1.0,0.0,1.0,0.0,1.0
95.5,0.0,1.0,0.0,1.0,0.0029503105590061637,0.9968944099378882,0.0,1.0,0.0,1.0,0.0,1.0,0.0,1.0,0.0,1.0,0.0,1.0
96.0,0.0,1.0,0.0,1.0,0.0029503105590061637,0.9968944099378882,0.0,1.0,0.0,1.0,0.0,1.0,0.0,1.0,0.0,1.0,0.0,1.0
96.5,0.0,1.0,0.0,1.0,0.0029503105590061637,0.9968944099378882,0.0,1.0,0.0,1.0,0.0,1.0,0.0,1.0,0.0,1.0,0.0,1.0
97.0,0.0,1.0,0.0,1.0,0.0029503105590061637,0.9968944099378882,0.0,1.0,0.0,1.0,0.0,1.0,0.0,1.0,0.0,1.0,0.0,1.0
97.5,0.0,1.0,0.0,1.0,0.0029503105590061637,0.9968944099378882,0.0,1.0,0.0,1.0,0.0,1.0,0.0,1.0,0.0,1.0,0.0,1.0
98.0,0.0,1.0,0.0,1.0,0.0029503105590061637,0.9968944099378882,0.0,1.0,0.0,1.0,0.0,1.0,0.0,1.0,0.0,1.0,0.0,1.0
98.5,0.0,1.0,0.0,1.0,0.0029503105590061637,0.9968944099378882,0.0,1.0,0.0,1.0,0.0,1.0,0.0,1.0,0.0,1.0,0.0,1.0
99.0,0.0,1.0,0.0,1.0,0.0029503105590061637,0.9968944099378882,0.0,1.0,0.0,1.0,0.0,1.0,0.0,1.0,0.0,1.0,0.0,1.0
99.5,0.0,1.0,0.0,1.0,0.0029503105590061637,0.9968944099378882,0.0,1.0,0.0,1.0,0.0,1.0,0.0,1.0,0.0,1.0,0.0,1.0
100.0,0.0,1.0,0.0,1.0,0.0029503105590061637,0.9968944099378882,0.0,1.0,0.0,1.0,0.0,1.0,0.0,1.0,0.0,1.0,0.0,1.0
100.5,0.0,1.0,0.0,1.0,0.0029503105590061637,0.9968944099378882,0.0,1.0,0.0,1.0,0.0,1.0,0.0,1.0,0.0,1.0,0.0,1.0
101.0,0.0,1.0,0.0,1.0,0.0029503105590061637,0.9968944099378882,0.0,1.0,0.0,1.0,0.0,1.0,0.0,1.0,0.0,1.0,0.0,1.0
101.5,0.0,1.0,0.0,1.0,0.0029503105590061637,0.9968944099378882,0.0,1.0,0.0,1.0,0.0,1.0,0.0,1.0,0.0,1.0,0.0,1.0
102.0,0.0,1.0,0.0,1.0,0.0029503105590061637,0.9968944099378882,0.0,1.0,0.0,1.0,0.0,1.0,0.0,1.0,0.0,1.0,0.0,1.0
102.5,0.0,1.0,0.0,1.0,0.0029503105590061637,0.9968944099378882,0.0,1.0,0.0,1.0,0.0,1.0,0.0,1.0,0.0,1.0,0.0,1.0
103.0,0.0,1.0,0.0,1.0,0.0029503105590061637,0.9968944099378882,0.0,1.0,0.0,1.0,0.0,1.0,0.0,1.0,0.0,1.0,0.0,1.0
103.5,0.0,1.0,0.0,1.0,0.0029503105590061637,0.9968944099378882,0.0,1.0,0.0,1.0,0.0,1.0,0.0,1.0,0.0,1.0,0.0,1.0
104.0,0.0,1.0,0.0,1.0,0.0029503105590061637,0.9968944099378882,0.0,1.0,0.0,1.0,0.0,1.0,0.0,1.0,0.0,1.0,0.0,1.0
104.5,0.0,1.0,0.0,1.0,0.0029503105590061637,0.9968944099378882,0.0,1.0,0.0,1.0,0.0,1.0,0.0,1.0,0.0,1.0,0.0,1.0
105.0,0.0,1.0,0.0,1.0,0.0029503105590061637,0.9968944099378882,0.0,1.0,0.0,1.0,0.0,1.0,0.0,1.0,0.0,1.0,0.0,1.0
105.5,0.0,1.0,0.0,1.0,0.0029503105590061637,0.9968944099378882,0.0,1.0,0.0,1.0,0.0,1.0,0.0,1.0,0.0,1.0,0.0,1.0
106.0,0.0,1.0,0.0,1.0,0.0029503105590061637,0.9968944099378882,0.0,1.0,0.0,1.0,0.0,1.0,0.0,1.0,0.0,1.0,0.0,1.0
106.5,0.0,1.0,0.0,1.0,0.0029503105590061637,0.9968944099378882,0.0,1.0,0.0,1.0,0.0,1.0,0.0,1.0,0.0,1.0,0.0,1.0
107.0,0.0,1.0,0.0,1.0,0.0029503105590061637,0.9968944099378882,0.0,1.0,0.0,1.0,0.0,1.0,0.0,1.0,0.0,1.0,0.0,1.0
107.5,0.0,1.0,0.0,1.0,0.0029503105590061637,0.9968944099378882,0.0,1.0,0.0,1.0,0.0,1.0,0.0,1.0,0.0,1.0,0.0,1.0
108.0,0.0,1.0,0.0,1.0,0.0029503105590061637,0.9968944099378882,0.0,1.0,0.0,1.0,0.0,1.0,0.0,1.0,0.0,1.0,0.0,1.0
108.5,0.0,1.0,0.0,1.0,0.0029503105590061637,0.9968944099378882,0.0,1.0,0.0,1.0,0.0,1.0,0.0,1.0,0.0,1.0,0.0,1.0
109.0,0.0,1.0,0.0,1.0,0.0029503105590061637,0.9968944099378882,0.0,1.0,0.0,1.0,0.0,1.0,0.0,1.0,0.0,1.0,0.0,1.0
109.5,0.0,1.0,0.0,1.0,0.0029503105590061637,0.9968944099378882,0.0,1.0,0.0,1.0,0.0,1.0,0.0,1.0,0.0,1.0,0.0,1.0
110.0,0.0,1.0,0.0,1.0,0.0029503105590061637,0.9968944099378882,0.0,1.0,0.0,1.0,0.0,1.0,0.0,1.0,0.0,1.0,0.0,1.0
110.5,0.0,1.0,0.0,1.0,0.0029503105590061637,0.9968944099378882,0.0,1.0,0.0,1.0,0.0,1.0,0.0,1.0,0.0,1.0,0.0,1.0
111.0,0.0,1.0,0.0,1.0,0.0029503105590061637,0.9968944099378882,0.0,1.0,0.0,1.0,0.0,1.0,0.0,1.0,0.0,1.0,0.0,1.0
111.5,0.0,1.0,0.0,1.0,0.0029503105590061637,0.9968944099378882,0.0,1.0,0.0,1.0,0.0,1.0,0.0,1.0,0.0,1.0,0.0,1.0
112.0,0.0,1.0,0.0,1.0,0.0029503105590061637,0.9968944099378882,0.0,1.0,0.0,1.0,0.0,1.0,0.0,1.0,0.0,1.0,0.0,1.0
112.5,0.0,1.0,0.0,1.0,0.0029503105590061637,0.9968944099378882,0.0,1.0,0.0,1.0,0.0,1.0,0.0,1.0,0.0,1.0,0.0,1.0
113.0,0.0,1.0,0.0,1.0,0.0029503105590061637,0.9968944099378882,0.0,1.0,0.0,1.0,0.0,1.0,0.0,1.0,0.0,1.0,0.0,1.0
113.5,0.0,1.0,0.0,1.0,0.0029503105590061637,0.9968944099378882,0.0,1.0,0.0,1.0,0.0,1.0,0.0,1.0,0.0,1.0,0.0,1.0
114.0,0.0,1.0,0.0,1.0,0.0029503105590061637,0.9968944099378882,0.0,1.0,0.0,1.0,0.0,1.0,0.0,1.0,0.0,1.0,0.0,1.0
114.5,0.0,1.0,0.0,1.0,0.0029503105590061637,0.9968944099378882,0.0,1.0,0.0,1.0,0.0,1.0,0.0,1.0,0.0,1.0,0.0,1.0
115.0,0.0,1.0,0.0,1.0,0.0029503105590061637,0.9968944099378882,0.0,1.0,0.0,1.0,0.0,1.0,0.0,1.0,0.0,1.0,0.0,1.0
115.5,0.0,1.0,0.0,1.0,0.0029503105590061637,0.9968944099378882,0.0,1.0,0.0,1.0,0.0,1.0,0.0,1.0,0.0,1.0,0.0,1.0
116.0,0.0,1.0,0.0,1.0,0.0029503105590061637,0.9968944099378882,0.0,1.0,0.0,1.0,0.0,1.0,0.0,1.0,0.0,1.0,0.0,1.0
116.5,0.0,1.0,0.0,1.0,0.0029503105590061637,0.9968944099378882,0.0,1.0,0.0,1.0,0.0,1.0,0.0,1.0,0.0,1.0,0.0,1.0
117.0,0.0,1.0,0.0,1.0,0.0029503105590061637,0.9968944099378882,0.0,1.0,0.0,1.0,0.0,1.0,0.0,1.0,0.0,1.0,0.0,1.0
117.5,0.0,1.0,0.0,1.0,0.0029503105590061637,0.9968944099378882,0.0,1.0,0.0,1.0,0.0,1.0,0.0,1.0,0.0,1.0,0.0,1.0
118.0,0.0,1.0,0.0,1.0,0.0029503105590061637,0.9968944099378882,0.0,1.0,0.0,1.0,0.0,1.0,0.0,1.0,0.0,1.0,0.0,1.0
118.5,0.0,1.0,0.0,1.0,0.0029503105590061637,0.9968944099378882,0.0,1.0,0.0,1.0,0.0,1.0,0.0,1.0,0.0,1.0,0.0,1.0
119.0,0.0,1.0,0.0,1.0,0.0029503105590061637,0.9968944099378882,0.0,1.0,0.0,1.0,0.0,1.0,0.0,1.0,0.0,1.0,0.0,1.0
119.5,0.0,1.0,0.0,1.0,0.0029503105590061637,0.9968944099378882,0.0,1.0,0.0,1.0,0.0,1.0,0.0,1.0,0.0,1.0,0.0,1.0
120.0,0.0,1.0,0.0,1.0,0.0015527950310558758,0.9968944099378882,0.0,1.0,0.0,1.0,0.0,1.0,0.0,1.0,0.0,1.0,0.0,1.0
120.5,0.0,1.0,0.0,1.0,0.0015527950310558758,0.9968944099378882,0.0,1.0,0.0,1.0,0.0,1.0,0.0,1.0,0.0,1.0,0.0,1.0
121.0,0.0,1.0,0.0,1.0,0.0015527950310558758,0.9968944099378882,0.0,1.0,0.0,1.0,0.0,1.0,0.0,1.0,0.0,1.0,0.0,1.0
121.5,0.0,1.0,0.0,1.0,0.0015527950310558758,0.9968944099378882,0.0,1.0,0.0,1.0,0.0,1.0,0.0,1.0,0.0,1.0,0.0,1.0
122.0,0.0,1.0,0.0,1.0,0.0015527950310558758,0.9968944099378882,0.0,1.0,0.0,1.0,0.0,1.0,0.0,1.0,0.0,1.0,0.0,1.0
122.5,0.0,1.0,0.0,1.0,0.0015527950310558758,0.9968944099378882,0.0,1.0,0.0,1.0,0.0,1.0,0.0,1.0,0.0,1.0,0.0,1.0
123.0,0.0,1.0,0.0,1.0,0.0015527950310558758,0.9968944099378882,0.0,1.0,0.0,1.0,0.0,1.0,0.0,1.0,0.0,1.0,0.0,1.0
123.5,0.0,1.0,0.0,1.0,0.0015527950310558758,0.9968944099378882,0.0,1.0,0.0,1.0,0.0,1.0,0.0,1.0,0.0,1.0,0.0,1.0
124.0,0.0,1.0,0.0,1.0,0.0015527950310558758,0.9968944099378882,0.0,1.0,0.0,1.0,0.0,1.0,0.0,1.0,0.0,1.0,0.0,1.0
124.5,0.0,1.0,0.0,1.0,0.0015527950310558758,0.9968944099378882,0.0,1.0,0.0,1.0,0.0,1.0,0.0,1.0,0.0,1.0,0.0,1.0
125.0,0.0,1.0,0.0,1.0,0.0015527950310558758,0.9968944099378882,0.0,1.0,0.0,1.0,0.0,1.0,0.0,1.0,0.0,1.0,0.0,1.0
125.5,0.0,1.0,0.0,1.0,0.0015527950310558758,0.9968944099378882,0.0,1.0,0.0,1.0,0.0,1.0,0.0,1.0,0.0,1.0,0.0,1.0
126.0,0.0,1.0,0.0,1.0,0.0015527950310558758,0.9968944099378882,0.0,1.0,0.0,1.0,0.0,1.0,0.0,1.0,0.0,1.0,0.0,1.0
126.5,0.0,1.0,0.0,1.0,0.0015527950310558758,0.9968944099378882,0.0,1.0,0.0,1.0,0.0,1.0,0.0,1.0,0.0,1.0,0.0,1.0
127.0,0.0,1.0,0.0,1.0,0.0015527950310558758,0.9968944099378882,0.0,1.0,0.0,1.0,0.0,1.0,0.0,1.0,0.0,1.0,0.0,1.0
127.5,0.0,1.0,0.0,1.0,0.0015527950310558758,0.9968944099378882,0.0,1.0,0.0,1.0,0.0,1.0,0.0,1.0,0.0,1.0,0.0,1.0
128.0,0.0,1.0,0.0,1.0,0.0015527950310558758,0.9968944099378882,0.0,1.0,0.0,1.0,0.0,1.0,0.0,1.0,0.0,1.0,0.0,1.0
128.5,0.0,1.0,0.0,1.0,0.0015527950310558758,0.9968944099378882,0.0,1.0,0.0,1.0,0.0,1.0,0.0,1.0,0.0,1.0,0.0,1.0
129.0,0.0,1.0,0.0,1.0,0.0015527950310558758,0.9968944099378882,0.0,1.0,0.0,1.0,0.0,1.0,0.0,1.0,0.0,1.0,0.0,1.0
129.5,0.0,1.0,0.0,1.0,0.0015527950310558758,0.9968944099378882,0.0,1.0,0.0,1.0,0.0,1.0,0.0,1.0,0.0,1.0,0.0,1.0
130.0,0.0,1.0,0.0,1.0,0.0015527950310558758,0.9968944099378882,0.0,1.0,0.0,1.0,0.0,1.0,0.0,1.0,0.0,1.0,0.0,1.0
130.5,0.0,1.0,0.0,1.0,0.0015527950310558758,0.9968944099378882,0.0,1.0,0.0,1.0,0.0,1.0,0.0,1.0,0.0,1.0,0.0,1.0
131.0,0.0,1.0,0.0,1.0,0.0015527950310558758,0.9968944099378882,0.0,1.0,0.0,1.0,0.0,1.0,0.0,1.0,0.0,1.0,0.0,1.0
131.5,0.0,1.0,0.0,1.0,0.0015527950310558758,0.9968944099378882,0.0,1.0,0.0,1.0,0.0,1.0,0.0,1.0,0.0,1.0,0.0,1.0
132.0,0.0,1.0,0.0,1.0,0.0015527950310558758,0.9968944099378882,0.0,1.0,0.0,1.0,0.0,1.0,0.0,1.0,0.0,1.0,0.0,1.0
132.5,0.0,1.0,0.0,1.0,0.0015527950310558758,0.9968944099378882,0.0,1.0,0.0,1.0,0.0,1.0,0.0,1.0,0.0,1.0,0.0,1.0
133.0,0.0,1.0,0.0,1.0,0.0015527950310558758,0.9968944099378882,0.0,1.0,0.0,1.0,0.0,1.0,0.0,1.0,0.0,1.0,0.0,1.0
133.5,0.0,1.0,0.0,1.0,0.0015527950310558758,0.9968944099378882,0.0,1.0,0.0,1.0,0.0,1.0,0.0,1.0,0.0,1.0,0.0,1.0
134.0,0.0,1.0,0.0,1.0,0.0015527950310558758,0.9968944099378882,0.0,1.0,0.0,1.0,0.0,1.0,0.0,1.0,0.0,1.0,0.0,1.0
134.5,0.0,1.0,0.0,1.0,0.0015527950310558758,0.9968944099378882,0.0,1.0,0.0,1.0,0.0,1.0,0.0,1.0,0.0,1.0,0.0,1.0
135.0,0.0,1.0,0.0,1.0,0.0015527950310558758,0.9968944099378882,0.0,1.0,0.0,1.0,0.0,1.0,0.0,1.0,0.0,1.0,0.0,1.0
135.5,0.0,1.0,0.0,1.0,0.0015527950310558758,0.9968944099378882,0.0,1.0,0.0,1.0,0.0,1.0,0.0,1.0,0.0,1.0,0.0,1.0
136.0,0.0,1.0,0.0,1.0,0.0015527950310558758,0.9968944099378882,0.0,1.0,0.0,1.0,0.0,1.0,0.0,1.0,0.0,1.0,0.0,1.0
136.5,0.0,1.0,0.0,1.0,0.0015527950310558758,0.9968944099378882,0.0,1.0,0.0,1.0,0.0,1.0,0.0,1.0,0.0,1.0,0.0,1.0
137.0,0.0,1.0,0.0,1.0,0.0015527950310558758,0.9968944099378882,0.0,1.0,0.0,1.0,0.0,1.0,0.0,1.0,0.0,1.0,0.0,1.0
137.5,0.0,1.0,0.0,1.0,0.0015527950310558758,0.9968944099378882,0.0,1.0,0.0,1.0,0.0,1.0,0.0,1.0,0.0,1.0,0.0,1.0
138.0,0.0,1.0,0.0,1.0,0.0015527950310558758,0.9968944099378882,0.0,1.0,0.0,1.0,0.0,1.0,0.0,1.0,0.0,1.0,0.0,1.0
138.5,0.0,1.0,0.0,1.0,0.0015527950310558758,0.9968944099378882,0.0,1.0,0.0,1.0,0.0,1.0,0.0,1.0,0.0,1.0,0.0,1.0
139.0,0.0,1.0,0.0,1.0,0.0015527950310558758,0.9968944099378882,0.0,1.0,0.0,1.0,0.0,1.0,0.0,1.0,0.0,1.0,0.0,1.0
139.5,0.0,1.0,0.0,1.0,0.0015527950310558758,0.9968944099378882,0.0,1.0,0.0,1.0,0.0,1.0,0.0,1.0,0.0,1.0,0.0,1.0
140.0,0.0,1.0,0.0,1.0,0.0015527950310558758,0.9968944099378882,0.0,1.0,0.0,1.0,0.0,1.0,0.0,1.0,0.0,1.0,0.0,1.0
140.5,0.0,1.0,0.0,1.0,0.0015527950310558758,0.9968944099378882,0.0,1.0,0.0,1.0,0.0,1.0,0.0,1.0,0.0,1.0,0.0,1.0
141.0,0.0,1.0,0.0,1.0,0.0015527950310558758,0.9968944099378882,0.0,1.0,0.0,1.0,0.0,1.0,0.0,1.0,0.0,1.0,0.0,1.0
141.5,0.0,1.0,0.0,1.0,0.0015527950310558758,0.9968944099378882,0.0,1.0,0.0,1.0,0.0,1.0,0.0,1.0,0.0,1.0,0.0,1.0
142.0,0.0,1.0,0.0,1.0,0.0015527950310558758,0.9968944099378882,0.0,1.0,0.0,1.0,0.0,1.0,0.0,1.0,0.0,1.0,0.0,1.0
142.5,0.0,1.0,0.0,1.0,0.0015527950310558758,0.9968944099378882,0.0,1.0,0.0,1.0,0.0,1.0,0.0,1.0,0.0,1.0,0.0,1.0
143.0,0.0,1.0,0.0,1.0,0.0015527950310558758,0.9968944099378882,0.0,1.0,0.0,1.0,0.0,1.0,0.0,1.0,0.0,1.0,0.0,1.0
143.5,0.0,1.0,0.0,1.0,0.0015527950310558758,0.9968944099378882,0.0,1.0,0.0,1.0,0.0,1.0,0.0,1.0,0.0,1.0,0.0,1.0
144.0,0.0,1.0,0.0,1.0,0.0015527950310558758,0.9968944099378882,0.0,1.0,0.0,1.0,0.0,1.0,0.0,1.0,0.0,1.0,0.0,1.0
144.5,0.0,1.0,0.0,1.0,0.0015527950310558758,0.9968944099378882,0.0,1.0,0.0,1.0,0.0,1.0,0.0,1.0,0.0,1.0,0.0,1.0
145.0,0.0,1.0,0.0,1.0,0.0015527950310558758,0.9968944099378882,0.0,1.0,0.0,1.0,0.0,1.0,0.0,1.0,0.0,1.0,0.0,1.0
145.5,0.0,1.0,0.0,1.0,0.0015527950310558758,0.9968944099378882,0.0,1.0,0.0,1.0,0.0,1.0,0.0,1.0,0.0,1.0,0.0,1.0
146.0,0.0,1.0,0.0,1.0,0.0015527950310558758,0.9968944099378882,0.0,1.0,0.0,1.0,0.0,1.0,0.0,1.0,0.0,1.0,0.0,1.0
146.5,0.0,1.0,0.0,1.0,0.0015527950310558758,0.9968944099378882,0.0,1.0,0.0,1.0,0.0,1.0,0.0,1.0,0.0,1.0,0.0,1.0
147.0,0.0,1.0,0.0,1.0,0.0015527950310558758,0.9968944099378882,0.0,1.0,0.0,1.0,0.0,1.0,0.0,1.0,0.0,1.0,0.0,1.0
147.5,0.0,1.0,0.0,1.0,0.0015527950310558758,0.9968944099378882,0.0,1.0,0.0,1.0,0.0,1.0,0.0,1.0,0.0,1.0,0.0,1.0
148.0,0.0,1.0,0.0,1.0,0.0015527950310558758,0.9968944099378882,0.0,1.0,0.0,1.0,0.0,1.0,0.0,1.0,0.0,1.0,0.0,1.0
148.5,0.0,1.0,0.0,1.0,0.0015527950310558758,0.9968944099378882,0.0,1.0,0.0,1.0,0.0,1.0,0.0,1.0,0.0,1.0,0.0,1.0
149.0,0.0,1.0,0.0,1.0,0.0015527950310558758,0.9968944099378882,0.0,1.0,0.0,1.0,0.0,1.0,0.0,1.0,0.0,1.0,0.0,1.0
149.5,0.0,1.0,0.0,1.0,0.0015527950310558758,0.9968944099378882,0.0,1.0,0.0,1.0,0.0,1.0,0.0,1.0,0.0,1.0,0.0,1.0
150.0,0.0,1.0,0.0,1.0,0.0015527950310558758,0.9968944099378882,0.0,1.0,0.0,1.0,0.0,1.0,0.0,1.0,0.0,1.0,0.0,1.0
150.5,0.0,1.0,0.0,1.0,0.0015527950310558758,0.9968944099378882,0.0,1.0,0.0,1.0,0.0,1.0,0.0,1.0,0.0,1.0,0.0,1.0
151.0,0.0,1.0,0.0,1.0,0.0015527950310558758,0.9968944099378882,0.0,1.0,0.0,1.0,0.0,1.0,0.0,1.0,0.0,1.0,0.0,1.0
151.5,0.0,1.0,0.0,1.0,0.0015527950310558758,0.9968944099378882,0.0,1.0,0.0,1.0,0.0,1.0,0.0,1.0,0.0,1.0,0.0,1.0
152.0,0.0,1.0,0.0,1.0,0.0015527950310558758,0.9968944099378882,0.0,1.0,0.0,1.0,0.0,1.0,0.0,1.0,0.0,1.0,0.0,1.0
152.5,0.0,1.0,0.0,1.0,0.0015527950310558758,0.9968944099378882,0.0,1.0,0.0,1.0,0.0,1.0,0.0,1.0,0.0,1.0,0.0,1.0
153.0,0.0,1.0,0.0,1.0,0.0015527950310558758,0.9968944099378882,0.0,1.0,0.0,1.0,0.0,1.0,0.0,1.0,0.0,1.0,0.0,1.0
153.5,0.0,1.0,0.0,1.0,0.0015527950310558758,0.9968944099378882,0.0,1.0,0.0,1.0,0.0,1.0,0.0,1.0,0.0,1.0,0.0,1.0
154.0,0.0,1.0,0.0,1.0,0.0015527950310558758,0.9968944099378882,0.0,1.0,0.0,1.0,0.0,1.0,0.0,1.0,0.0,1.0,0.0,1.0
154.5,0.0,1.0,0.0,1.0,0.0015527950310558758,0.9968944099378882,0.0,1.0,0.0,1.0,0.0,1.0,0.0,1.0,0.0,1.0,0.0,1.0
155.0,0.0,1.0,0.0,1.0,0.0015527950310558758,0.9968944099378882,0.0,1.0,0.0,1.0,0.0,1.0,0.0,1.0,0.0,1.0,0.0,1.0
155.5,0.0,1.0,0.0,1.0,0.0015527950310558758,0.9968944099378882,0.0,1.0,0.0,1.0,0.0,1.0,0.0,1.0,0.0,1.0,0.0,1.0
156.0,0.0,1.0,0.0,1.0,0.0015527950310558758,0.9968944099378882,0.0,1.0,0.0,1.0,0.0,1.0,0.0,1.0,0.0,1.0,0.0,1.0
156.5,0.0,1.0,0.0,1.0,0.0015527950310558758,0.9968944099378882,0.0,1.0,0.0,1.0,0.0,1.0,0.0,1.0,0.0,1.0,0.0,1.0
157.0,0.0,1.0,0.0,1.0,0.0015527950310558758,0.9968944099378882,0.0,1.0,0.0,1.0,0.0,1.0,0.0,1.0,0.0,1.0,0.0,1.0
157.5,0.0,1.0,0.0,1.0,0.0015527950310558758,0.9968944099378882,0.0,1.0,0.0,1.0,0.0,1.0,0.0,1.0,0.0,1.0,0.0,1.0
158.0,0.0,1.0,0.0,1.0,0.0015527950310558758,0.9968944099378882,0.0,1.0,0.0,1.0,0.0,1.0,0.0,1.0,0.0,1.0,0.0,1.0
158.5,0.0,1.0,0.0,1.0,0.0015527950310558758,0.9968944099378882,0.0,1.0,0.0,1.0,0.0,1.0,0.0,1.0,0.0,1.0,0.0,1.0
159.0,0.0,1.0,0.0,1.0,0.0015527950310558758,0.9968944099378882,0.0,1.0,0.0,1.0,0.0,1.0,0.0,1.0,0.0,1.0,0.0,1.0
159.5,0.0,1.0,0.0,1.0,0.0015527950310558758,0.9968944099378882,0.0,1.0,0.0,1.0,0.0,1.0,0.0,1.0,0.0,1.0,0.0,1.0
160.0,0.0,1.0,0.0,1.0,0.0015527950310558758,0.9968944099378882,0.0,1.0,0.0,1.0,0.0,1.0,0.0,1.0,0.0,1.0,0.0,1.0
160.5,0.0,1.0,0.0,1.0,0.0015527950310558758,0.9968944099378882,0.0,1.0,0.0,1.0,0.0,1.0,0.0,1.0,0.0,1.0,0.0,1.0
161.0,0.0,1.0,0.0,1.0,0.0015527950310558758,0.9968944099378882,0.0,1.0,0.0,1.0,0.0,1.0,0.0,1.0,0.0,1.0,0.0,1.0
161.5,0.0,1.0,0.0,1.0,0.0015527950310558758,0.9968944099378882,0.0,1.0,0.0,1.0,0.0,1.0,0.0,1.0,0.0,1.0,0.0,1.0
162.0,0.0,1.0,0.0,1.0,0.0015527950310558758,0.9968944099378882,0.0,1.0,0.0,1.0,0.0,1.0,0.0,1.0,0.0,1.0,0.0,1.0
162.5,0.0,1.0,0.0,1.0,0.0015527950310558758,0.9968944099378882,0.0,1.0,0.0,1.0,0.0,1.0,0.0,1.0,0.0,1.0,0.0,1.0
163.0,0.0,1.0,0.0,1.0,0.0015527950310558758,0.9968944099378882,0.0,1.0,0.0,1.0,0.0,1.0,0.0,1.0,0.0,1.0,0.0,1.0
163.5,0.0,1.0,0.0,1.0,0.0015527950310558758,0.9968944099378882,0.0,1.0,0.0,1.0,0.0,1.0,0.0,1.0,0.0,1.0,0.0,1.0
164.0,0.0,1.0,0.0,1.0,0.0015527950310558758,0.9968944099378882,0.0,1.0,0.0,1.0,0.0,1.0,0.0,1.0,0.0,1.0,0.0,1.0
164.5,0.0,1.0,0.0,1.0,0.0015527950310558758,0.9968944099378882,0.0,1.0,0.0,1.0,0.0,1.0,0.0,1.0,0.0,1.0,0.0,1.0
165.0,0.0,1.0,0.0,1.0,0.0015527950310558758,0.9968944099378882,0.0,1.0,0.0,1.0,0.0,1.0,0.0,1.0,0.0,1.0,0.0,1.0
165.5,0.0,1.0,0.0,1.0,0.0015527950310558758,0.9968944099378882,0.0,1.0,0.0,1.0,0.0,1.0,0.0,1.0,0.0,1.0,0.0,1.0
166.0,0.0,1.0,0.0,1.0,0.0015527950310558758,0.9968944099378882,0.0,1.0,0.0,1.0,0.0,1.0,0.0,1.0,0.0,1.0,0.0,1.0
166.5,0.0,1.0,0.0,1.0,0.0015527950310558758,0.9968944099378882,0.0,1.0,0.0,1.0,0.0,1.0,0.0,1.0,0.0,1.0,0.0,1.0
167.0,0.0,1.0,0.0,1.0,0.0015527950310558758,0.9968944099378882,0.0,1.0,0.0,1.0,0.0,1.0,0.0,1.0,0.0,1.0,0.0,1.0
167.5,0.0,1.0,0.0,1.0,0.0015527950310558758,0.9968944099378882,0.0,1.0,0.0,1.0,0.0,1.0,0.0,1.0,0.0,1.0,0.0,1.0
168.0,0.0,1.0,0.0,1.0,0.0015527950310558758,0.9968944099378882,0.0,1.0,0.0,1.0,0.0,1.0,0.0,1.0,0.0,1.0,0.0,1.0
168.5,0.0,1.0,0.0,1.0,0.0015527950310558758,0.9968944099378882,0.0,1.0,0.0,1.0,0.0,1.0,0.0,1.0,0.0,1.0,0.0,1.0
169.0,0.0,1.0,0.0,1.0,0.0015527950310558758,0.9968944099378882,0.0,1.0,0.0,1.0,0.0,1.0,0.0,1.0,0.0,1.0,0.0,1.0
169.5,0.0,1.0,0.0,1.0,0.0015527950310558758,0.9968944099378882,0.0,1.0,0.0,1.0,0.0,1.0,0.0,1.0,0.0,1.0,0.0,1.0
170.0,0.0,1.0,0.0,1.0,0.0015527950310558758,0.9968944099378882,0.0,1.0,0.0,1.0,0.0,1.0,0.0,1.0,0.0,1.0,0.0,1.0
170.5,0.0,1.0,0.0,1.0,0.0015527950310558758,0.9968944099378882,0.0,1.0,0.0,1.0,0.0,1.0,0.0,1.0,0.0,1.0,0.0,1.0
171.0,0.0,1.0,0.0,1.0,0.0,1.0,0.0,1.0,0.0,1.0,0.0,1.0,0.0,1.0,0.0,1.0,0.0,1.0
171.5,0.0,1.0,0.0,1.0,0.0,1.0,0.0,1.0,0.0,1.0,0.0,1.0,0.0,1.0,0.0,1.0,0.0,1.0
172.0,0.0,1.0,0.0,1.0,0.0,1.0,0.0,1.0,0.0,1.0,0.0,1.0,0.0,1.0,0.0,1.0,0.0,1.0
172.5,0.0,1.0,0.0,1.0,0.0,1.0,0.0,1.0,0.0,1.0,0.0,1.0,0.0,1.0,0.0,1.0,0.0,1.0
173.0,0.0,1.0,0.0,1.0,0.0,1.0,0.0,1.0,0.0,1.0,0.0,1.0,0.0,1.0,0.0,1.0,0.0,1.0
173.5,0.0,1.0,0.0,1.0,0.0,1.0,0.0,1.0,0.0,1.0,0.0,1.0,0.0,1.0,0.0,1.0,0.0,1.0
174.0,0.0,1.0,0.0,1.0,0.0,1.0,0.0,1.0,0.0,1.0,0.0,1.0,0.0,1.0,0.0,1.0,0.0,1.0
174.5,0.0,1.0,0.0,1.0,0.0,1.0,0.0,1.0,0.0,1.0,0.0,1.0,0.0,1.0,0.0,1.0,0.0,1.0
175.0,0.0,1.0,0.0,1.0,0.0,1.0,0.0,1.0,0.0,1.0,0.0,1.0,0.0,1.0,0.0,1.0,0.0,1.0
175.5,0.0,1.0,0.0,1.0,0.0,1.0,0.0,1.0,0.0,1.0,0.0,1.0,0.0,1.0,0.0,1.0,0.0,1.0
176.0,0.0,1.0,0.0,1.0,0.0,1.0,0.0,1.0,0.0,1.0,0.0,1.0,0.0,1.0,0.0,1.0,0.0,1.0
176.5,0.0,1.0,0.0,1.0,0.0,1.0,0.0,1.0,0.0,1.0,0.0,1.0,0.0,1.0,0.0,1.0,0.0,1.0
177.0,0.0,1.0,0.0,1.0,0.0,1.0,0.0,1.0,0.0,1.0,0.0,1.0,0.0,1.0,0.0,1.0,0.0,1.0
177.5,0.0,1.0,0.0,1.0,0.0,1.0,0.0,1.0,0.0,1.0,0.0,1.0,0.0,1.0,0.0,1.0,0.0,1.0
178.0,0.0,1.0,0.0,1.0,0.0,1.0,0.0,1.0,0.0,1.0,0.0,1.0,0.0,1.0,0.0,1.0,0.0,1.0
178.5,0.0,1.0,0.0,1.0,0.0,1.0,0.0,1.0,0.0,1.0,0.0,1.0,0.0,1.0,0.0,1.0,0.0,1.0
179.0,0.0,1.0,0.0,1.0,0.0,1.0,0.0,1.0,0.0,1.0,0.0,1.0,0.0,1.0,0.0,1.0,0.0,1.0
179.5,0.0,1.0,0.0,1.0,0.0,1.0,0.0,1.0,0.0,1.0,0.0,1.0,0.0,1.0,0.0,1.0,0.0,1.0
180.0,0.0,1.0,0.0,1.0,0.0,1.0,0.0,1.0,0.0,1.0,0.0,1.0,0.0,1.0,0.0,1.0,0.0,1.0
180.5,0.0,1.0,0.0,1.0,0.0,1.0,0.0,1.0,0.0,1.0,0.0,1.0,0.0,1.0,0.0,1.0,0.0,1.0
181.0,0.0,1.0,0.0,1.0,0.0,1.0,0.0,1.0,0.0,1.0,0.0,1.0,0.0,1.0,0.0,1.0,0.0,1.0
181.5,0.0,1.0,0.0,1.0,0.0,1.0,0.0,1.0,0.0,1.0,0.0,1.0,0.0,1.0,0.0,1.0,0.0,1.0
182.0,0.0,1.0,0.0,1.0,0.0,1.0,0.0,1.0,0.0,1.0,0.0,1.0,0.0,1.0,0.0,1.0,0.0,1.0
182.5,0.0,1.0,0.0,1.0,0.0,1.0,0.0,1.0,0.0,1.0,0.0,1.0,0.0,1.0,0.0,1.0,0.0,1.0
183.0,0.0,1.0,0.0,1.0,0.0,1.0,0.0,1.0,0.0,1.0,0.0,1.0,0.0,1.0,0.0,1.0,0.0,1.0
183.5,0.0,1.0,0.0,1.0,0.0,1.0,0.0,1.0,0.0,1.0,0.0,1.0,0.0,1.0,0.0,1.0,0.0,1.0
184.0,0.0,1.0,0.0,1.0,0.0,1.0,0.0,1.0,0.0,1.0,0.0,1.0,0.0,1.0,0.0,1.0,0.0,1.0
184.5,0.0,1.0,0.0,1.0,0.0,1.0,0.0,1.0,0.0,1.0,0.0,1.0,0.0,1.0,0.0,1.0,0.0,1.0
185.0,0.0,1.0,0.0,1.0,0.0,1.0,0.0,1.0,0.0,1.0,0.0,1.0,0.0,1.0,0.0,1.0,0.0,1.0
185.5,0.0,1.0,0.0,1.0,0.0,1.0,0.0,1.0,0.0,1.0,0.0,1.0,0.0,1.0,0.0,1.0,0.0,1.0
186.0,0.0,1.0,0.0,1.0,0.0,1.0,0.0,1.0,0.0,1.0,0.0,1.0,0.0,1.0,0.0,1.0,0.0,1.0
186.5,0.0,1.0,0.0,1.0,0.0,1.0,0.0,1.0,0.0,1.0,0.0,1.0,0.0,1.0,0.0,1.0,0.0,1.0
187.0,0.0,1.0,0.0,1.0,0.0,1.0,0.0,1.0,0.0,1.0,0.0,1.0,0.0,1.0,0.0,1.0,0.0,1.0
187.5,0.0,1.0,0.0,1.0,0.0,1.0,0.0,1.0,0.0,1.0,0.0,1.0,0.0,1.0,0.0,1.0,0.0,1.0
188.0,0.0,1.0,0.0,1.0,0.0,1.0,0.0,1.0,0.0,1.0,0.0,1.0,0.0,1.0,0.0,1.0,0.0,1.0
188.5,0.0,1.0,0.0,1.0,0.0,1.0,0.0,1.0,0.0,1.0,0.0,1.0,0.0,1.0,0.0,1.0,0.0,1.0
189.0,0.0,1.0,0.0,1.0,0.0,1.0,0.0,1.0,0.0,1.0,0.0,1.0,0.0,1.0,0.0,1.0,0.0,1.0
189.5,0.0,1.0,0.0,1.0,0.0,1.0,0.0,1.0,0.0,1.0,0.0,1.0,0.0,1.0,0.0,1.0,0.0,1.0
190.0,0.0,1.0,0.0,1.0,0.0,1.0,0.0,1.0,0.0,1.0,0.0,1.0,0.0,1.0,0.0,1.0,0.0,1.0
190.5,0.0,1.0,0.0,1.0,0.0,1.0,0.0,1.0,0.0,1.0,0.0,1.0,0.0,1.0,0.0,1.0,0.0,1.0
191.0,0.0,1.0,0.0,1.0,0.0,1.0,0.0,1.0,0.0,1.0,0.0,1.0,0.0,1.0,0.0,1.0,0.0,1.0
191.5,0.0,1.0,0.0,1.0,0.0,1.0,0.0,1.0,0.0,1.0,0.0,1.0,0.0,1.0,0.0,1.0,0.0,1.0
192.0,0.0,1.0,0.0,1.0,0.0,1.0,0.0,1.0,0.0,1.0,0.0,1.0,0.0,1.0,0.0,1.0,0.0,1.0
192.5,0.0,1.0,0.0,1.0,0.0,1.0,0.0,1.0,0.0,1.0,0.0,1.0,0.0,1.0,0.0,1.0,0.0,1.0
193.0,0.0,1.0,0.0,1.0,0.0,1.0,0.0,1.0,0.0,1.0,0.0,1.0,0.0,1.0,0.0,1.0,0.0,1.0
193.5,0.0,1.0,0.0,1.0,0.0,1.0,0.0,1.0,0.0,1.0,0.0,1.0,0.0,1.0,0.0,1.0,0.0,1.0
194.0,0.0,1.0,0.0,1.0,0.0,1.0,0.0,1.0,0.0,1.0,0.0,1.0,0.0,1.0,0.0,1.0,0.0,1.0
194.5,0.0,1.0,0.0,1.0,0.0,1.0,0.0,1.0,0.0,1.0,0.0,1.0,0.0,1.0,0.0,1.0,0.0,1.0
195.0,0.0,1.0,0.0,1.0,0.0,1.0,0.0,1.0,0.0,1.0,0.0,1.0,0.0,1.0,0.0,1.0,0.0,1.0
195.5,0.0,1.0,0.0,1.0,0.0,1.0,0.0,1.0,0.0,1.0,0.0,1.0,0.0,1.0,0.0,1.0,0.0,1.0
196.0,0.0,1.0,0.0,1.0,0.0,1.0,0.0,1.0,0.0,1.0,0.0,1.0,0.0,1.0,0.0,1.0,0.0,1.0
196.5,0.0,1.0,0.0,1.0,0.0,1.0,0.0,1.0,0.0,1.0,0.0,1.0,0.0,1.0,0.0,1.0,0.0,1.0
197.0,0.0,1.0,0.0,1.0,0.0,1.0,0.0,1.0,0.0,1.0,0.0,1.0,0.0,1.0,0.0,1.0,0.0,1.0
197.5,0.0,1.0,0.0,1.0,0.0,1.0,0.0,1.0,0.0,1.0,0.0,1.0,0.0,1.0,0.0,1.0,0.0,1.0
198.0,0.0,1.0,0.0,1.0,0.0,1.0,0.0,1.0,0.0,1.0,0.0,1.0,0.0,1.0,0.0,1.0,0.0,1.0
198.5,0.0,1.0,0.0,1.0,0.0,1.0,0.0,1.0,0.0,1.0,0.0,1.0,0.0,1.0,0.0,1.0,0.0,1.0
199.0,0.0,1.0,0.0,1.0,0.0,1.0,0.0,1.0,0.0,1.0,0.0,1.0,0.0,1.0,0.0,1.0,0.0,1.0
199.5,0.0,1.0,0.0,1.0,0.0,1.0,0.0,1.0,0.0,1.0,0.0,1.0,0.0,1.0,0.0,1.0,0.0,1.0
200.0,0.0,1.0,0.0,1.0,0.0,1.0,0.0,1.0,0.0,1.0,0.0,1.0,0.0,1.0,0.0,1.0,0.0,1.0
