hours,p_seed,p_int,e_pep,irreversibility
0.0,0.026596993576865863,6.772414961977011e-05,0.9379974908156005,0.062002509184399535
0.19238476953907815,0.027354402753690242,7.038056282681689e-05,0.9376553284794259,0.0623446715205741
0.3847695390781563,0.028132757486029867,7.314116360961522e-05,0.9373036885494818,0.06269631145051824
0.5771543086172345,0.028932601070337186,7.60100377148904e-05,0.9369423244994908,0.06305767550050922
0.7695390781563126,0.029754488825458964,7.899143106437891e-05,0.9365709843130113,0.06342901568698867
0.9619238476953907,0.030598988237115366,8.208975603032711e-05,0.9361894104152829,0.06381058958471708
1.154308617234469,0.031466679096232165,8.530959795654656e-05,0.9357973396077173,0.06420266039228273
1.346693386773547,0.03235815363048879,8.86557219346071e-05,0.9353945030053128,0.0646054969946872
1.5390781563126252,0.03327401662841153,9.213307984512629e-05,0.9349806259772921,0.06501937402270785
1.7314629258517034,0.034214885555306544,9.574681767449444e-05,0.9345554280912748,0.06544457190872521
1.9238476953907815,0.03518139066029251,9.950228311778023e-05,0.9341186230613094,0.06588137693869056
2.1162324649298596,0.036174175073655904,0.00010340503347897257,0.9336699187001153,0.06633008129988471
2.308617234468938,0.03719389489371583,0.00010746084388015729,0.9332090168758878,0.06679098312411225
2.501002004008016,0.03824121926234678,0.00011167571579166096,0.9327356134740481,0.0672643865259519
2.693386773547094,0.03931683042826968,0.00011605588589567599,0.9322493983643306,0.06775060163566937
2.885771543086172,0.04042142379718218,0.00012060783529635343,0.9317500553736198,0.06824994462638023
3.0781563126252505,0.04155570796776015,0.00012533829908985953,0.9312372622649628,0.06876273773503716
3.270541082164329,0.04272040475252136,0.00013025427630840717,0.9307106907232111,0.06928930927678889
3.4629258517034067,0.043916249182503024,0.0001353630402528222,0.9301700063477472,0.06982999365225284
3.655310621242485,0.045143989494663285,0.0001406721492287609,0.9296148686527871,0.07038513134721291
3.847695390781563,0.04640438710087686,0.0001461894577022771,0.9290449310757543,0.07095506892424575
4.040080160320641,0.04769821653735443,0.0001519231278910503,0.9284598409942451,0.07154015900575494
4.232464929859719,0.04902626539327452,0.00015788164180820504,0.9278592397521224,0.07214076024787763
4.424849699398798,0.05038933421737784,0.00016407381377631184,0.9272427626952918,0.07275723730470818
4.617234468937876,0.05178823640123409,0.0001705088034298259,0.9266100392177297,0.07338996078227034
4.809619238476954,0.05322379803785332,0.00017719612922494058,0.9259606928183535,0.07403930718164653
5.002004008016032,0.05469685775427728,0.00018414568247653382,0.925294341169337,0.07470565883066305
5.19438877755511,0.05620826651674988,0.00019136774194266972,0.9246105961964912,0.07538940380350878
5.386773547094188,0.05775888740703201,0.00019887298897788003,0.9239090641723465,0.07609093582765347
5.579158316633267,0.05934959536839532,0.00020667252327727736,0.9231893458225835,0.0768106541774165
5.771543086172344,0.06098127691979714,0.00021477787923438344,0.9224510364464741,0.07754896355352592
5.963927855711423,0.06265482983671555,0.00022320104293644497,0.9216937260520097,0.07830627394799028
6.156312625250501,0.0643711627970959,0.00023195446982190386,0.9209169995063959,0.07908300049360406
6.348697394789579,0.06613119499084266,0.00024105110302564056,0.9201204367026079,0.0798795632973921
6.541082164328658,0.06793585569127271,0.0002505043924385704,0.919303612742708,0.080696387257292
6.733466933867735,0.06978608378693328,0.00026032831450921174,0.9184660981386253,0.08153390186137466
6.925851703406813,0.0716828272721824,0.0002705373928158588,0.9176074590311099,0.08239254096889015
7.118236472945892,0.07362704269492518,0.00028114671943910467,0.9167272574275641,0.08327274257243589
7.31062124248497,0.07561969455990475,0.00029217197716558806,0.91582505145946,0.08417494854053997
7.503006012024048,0.07766175468595603,0.0003036294625549872,0.9149003956600422,0.08509960433995778
7.695390781563126,0.07975420151564691,0.0003155361099035082,0.9139528412630071,0.08604715873699287
7.887775551102204,0.08189801937575673,0.00032790951613837556,0.9129819365228403,0.08701806347715968
8.080160320641282,0.08409419768707314,0.00034076796667912077,0.9119872270574775,0.08801277294252252
8.27254509018036,0.08634373012203034,0.0003541304623028109,0.9109682562139348,0.08903174378606515
8.464929859719438,0.08864761370876106,0.00036801674705177546,0.9099245654575316,0.09007543454246836
8.657314629258517,0.09100684788019547,0.00038244733722380244,0.9088556947853,0.09114430521469996
8.849699398797595,0.09342243346690944,0.00039744355148630214,0.9077611831641476,0.09223881683585244
9.042084168336673,0.09589537163250694,0.0004130275421574626,0.906640568994293,0.09335943100570698
9.234468937875752,0.09842666275041471,0.00042922232769904335,0.9054933905984639,0.0945066094015361
9.42685370741483,0.10101730522107101,0.00044605182646709803,0.9043191867372845,0.09568081326271549
9.619238476953909,0.10366829422861105,0.0004635408917686508,0.9031174971512407,0.09688250284875932
9.811623246492985,0.10638062043628041,0.00048171534827410966,0.9018878631295367,0.09811213687046327
10.004008016032063,0.10915526861995546,0.0005006020298370681,0.9006298281061015,0.09937017189389852
10.196392785571142,0.11199321623930822,0.0005202288187750097,0.8993429382829237,0.10065706171707633
10.38877755511022,0.11489543194632883,0.0005406246866664323,0.8980267432808188,0.10197325671918123
10.581162324649299,0.11786287403110726,0.0005618197367219303,0.8966807968176407,0.10331920318235932
10.773547094188377,0.12089648880498252,0.0005838452477888646,0.8953046574138634,0.10469534258613655
10.965931863727455,0.1239972089213885,0.0006067337200514369,0.8938978891253494,0.1061021108746506
11.158316633266534,0.12716595163496192,0.0006305189224902223,0.892460062303022,0.107539937696978
11.350701402805612,0.13040361699973196,0.0006552359421675366,0.8909907543790367,0.10900924562096326
11.543086172344688,0.13371108600747986,0.0006809212354074039,0.8894895506789303,0.11051044932106968
11.735470941883767,0.13708921866764134,0.0007076126809413595,0.8879560452590907,0.11204395474090934
11.927855711422845,0.14053885203042585,0.0007353496350938785,0.8863898417687613,0.11361015823123866
12.120240480961924,0.1440607981551423,0.0007641729890838545,0.884790554335644,0.11520944566435598
12.312625250501002,0.14765584202605103,0.0007941252285212401,0.8831578084740164,0.11684219152598363
12.50501002004008,0.15132473941840605,0.0008252504951808138,0.8814912420141268,0.11850875798587324
12.697394789579159,0.1550682147177094,0.0008575946511378291,0.8797905060514618,0.12020949394853819
12.889779559118237,0.15888695869556904,0.000891205345353388,0.8780552659143173,0.12194473408568274
13.082164328657315,0.1627816262459311,0.0009261320828003177,0.8762852021479308,0.12371479785206918
13.274549098196392,0.16675283408584798,0.0009624262962235793,0.8744800115132566,0.1255199884867434
13.46693386773547,0.17080115842534127,0.0010001414206323976,0.8726394079982802,0.12736059200171979
13.659318637274549,0.17492713261132078,0.0010393329706246772,0.8707631238395932,0.1292368761604068
13.851703406813627,0.17913124475093054,0.0010800586206476772,0.8688509105517573,0.13114908944824266
14.044088176352705,0.1834139353201003,0.001122378288302426,0.8669025399618036,0.13309746003819645
14.236472945891784,0.18777559476349043,0.0011663542208029704,0.8649178052460278,0.1350821947539722
14.428857715430862,0.19221656109242355,0.0012120510847052558,0.8628965219660567,0.1371034780339433
14.62124248496994,0.19673711748779585,0.0012595360590242316,0.8608385291009797,0.1391614708990203
14.813627254509019,0.2013374899153508,0.0013088789318616721,0.8587436900721612,0.14125630992783877
15.006012024048095,0.2060178447610774,0.0013601522006711603,0.8566118937571795,0.1433881062428205
15.198396793587174,0.21077828649485567,0.001413431176290766,0.8544430554891695,0.14555694451083045
15.390781563126252,0.21561885537081832,0.0014687940908781668,0.8522371180376926,0.14776288196230736
15.58316633266533,0.22053952517321598,0.0015263222098871013,0.8499940525671092,0.15000594743289075
15.775551102204409,0.22554020101687003,0.0015860999482285047,0.8477138595682941,0.15228614043170585
15.967935871743487,0.2306207172115608,0.0016482149907640015,0.8453965697594155,0.15460343024058454
16.160320641282564,0.23578083519992937,0.0017127584172840161,0.8430422449513898,0.1569577550486102
16.352705410821642,0.24102024157866525,0.0017798248321272557,0.8406509788735369,0.1593490211264631
16.54509018036072,0.24633854621290333,0.0018495124986030631,0.8382228979548919,0.1617771020451081
16.7374749498998,0.2517352804538599,0.0019219234783827586,0.8357581620565715,0.1642418379434285
16.929859719438877,0.2572098954697956,0.00199716377603096,0.8332569651505765,0.16674303484942354
17.122244488977955,0.2627617607003993,0.0020753434888526076,0.8307195359403939,0.16928046405960606
17.314629258517034,0.2683901624446363,0.002156576962236372,0.8281461384187954,0.17185386158120464
17.507014028056112,0.274094302591997,0.002240982950679991,0.8255370723582613,0.17446292764173865
17.69939879759519,0.2798732975069132,0.0023286847846879888,0.8228926737295451,0.1771073262704549
17.89178356713427,0.2857261770758767,0.0024198105437372645,0.8202133150439868,0.17978668495601324
18.084168336673347,0.29165188392649805,0.0025144932355108574,0.8174994056153204,0.18250059438467958
18.276553106212425,0.29764927282737896,0.002612870981605251,0.8147513917368767,0.18524860826312328
18.468937875751504,0.3037171102772401,0.002715087209921389,0.8119697567702813,0.18803024322971873
18.661322645290582,0.3098540742912474,0.002821290853954442,0.8091550211419614,0.19084497885803864
18.85370741482966,0.316058754391912,0.0029316365592022024,0.8063077422440385,0.19369225775596155
19.04609218436874,0.3223296518113036,0.00304628489691657,0.8034285142364551,0.19657148576354488
19.238476953907817,0.32866517991061817,0.003165402585427271,0.8005179677475082,0.19948203225249184
19.430861723446892,0.3350636648223767,0.0032891627192713243,0.7975767694702948,0.20242323052970523
19.62324649298597,0.3415233463197056,0.003417745006366012,0.7946056216529495,0.20539437834705054
19.81563126252505,0.34804237891626666,0.0035513360134672286,0.7916052614809463,0.20839473851905366
20.008016032064127,0.354618833199471,0.003690129420158889,0.7885764603501585,0.2114235396498415
20.200400801603205,0.3612506973986221,0.0038343262816225273,0.7855200230298088,0.21447997697019117
20.392785571142284,0.36793587918860754,0.003984135300439622,0.7824367867149067,0.21756321328509332
20.585170340681362,0.3746722077286912,0.004139773107681825,0.779327619968248,0.22067238003175205
20.77755511022044,0.381457435934862,0.004301464553546924,0.7761934215525387,0.22380657844746132
20.96993987975952,0.3882892429830719,0.004469443007800229,0.7730351191537176,0.2269648808462824
21.162324649298597,0.39516523703956136,0.004643950670282505,0.7698536679970561,0.23014633200294388
21.354709418837675,0.40208295821332257,0.004825238891746605,0.7666500493581316,0.23334995064186836
21.547094188376754,0.40903988172460665,0.0050135685052849375,0.7634252689712846,0.2365747310287154
21.739478957915832,0.4160334212822432,0.005209210168609588,0.7601803553386857,0.23981964466131434
21.93186372745491,0.4230609326614205,0.005412444717445493,0.756916357943638,0.24308364205636201
22.12424849699399,0.43011971747248473,0.005623563530294764,0.7536343453722345,0.2463656546277655
22.316633266533067,0.43720702711025294,0.005842868904827258,0.7503354033479726,0.24966459665202745
22.509018036072145,0.44432006687232495,0.006070674446147907,0.7470206326843798,0.2529793673156202
22.701402805611224,0.4514560002339164,0.006307305467186076,0.7436911471611445,0.2563088528388555
22.8937875751503,0.45861195326583154,0.006553099401445238,0.7403480713296533,0.2596519286703467
23.086172344689377,0.4657850191813661,0.0068084062283430115,0.7369925382542136,0.2630074617457864
23.278557114228455,0.4729722629971682,0.007073588911361858,0.7336256871955934,0.2663743128044066
23.470941883767534,0.4801707262924174,0.007349023849219199,0.7302486612438026,0.2697513387561974
23.663326653306612,0.4873774320500893,0.007635101340252129,0.7268626049073337,0.2731373950926663
23.85571142284569,0.49458938956358744,0.007932226060196789,0.7234686616662872,0.2765313383337128
24.04809619238477,0.5018035993916263,0.008240817553524456,0.720067971497006,0.27993202850299403
24.240480961923847,0.50901705834396,0.008561310738476727,0.7166616683759796,0.28333833162402045
24.432865731462925,0.5162267644803649,0.008894156425919357,0.7132508777708761,0.28674912222912385
24.625250501002004,0.5234297221052007,0.00923982185210889,0.7098367141266052,0.2901632858733948
24.817635270541082,0.5306229467399076,0.00959879122543801,0.7064202783543225,0.29357972164567747
25.01002004008016,0.5378034700559223,0.009971566287193671,0.7030026553312381,0.29699734466876193
25.20240480961924,0.5449683447507448,0.010358666886326865,0.6995849114190014,0.30041508858099863
25.394789579158317,0.5521146493502203,0.01076063156819424,0.6961680920083038,0.30383190799169624
25.587174348697395,0.5592394929205542,0.011178018177188316,0.6927532190971564,0.30724678090284363
25.779559118236474,0.5663400196741096,0.01161140447312623,0.6893412889100875,0.3106587110899125
25.971943887775552,0.5734134134536701,0.012061388761214622,0.6859332695652411,0.31406673043475886
26.16432865731463,0.5804569020805693,0.012528590535351339,0.6825300987960681,0.3174699012039319
26.35671342685371,0.5874677615528808,0.013013651134462748,0.6791326817339722,0.32086731826602777
26.549098196392784,0.5944433200807313,0.013517234411506927,0.6757418887579174,0.3242581112420826
26.741482965931862,0.601380961946735,0.014040027414699787,0.6723585534166194,0.32764144658338057
26.93386773547094,0.6082781311805295,0.014582741080440118,0.6689834704285416,0.33101652957145844
27.12625250501002,0.6151323350374398,0.01514611093732289,0.6656173937644907,0.3343826062355093
27.318637274549097,0.6219411472723654,0.015730897820535633,0.6622610348171678,0.3377389651828322
27.511022044088175,0.6287022112010985,0.016337888595830616,0.6589150606615903,0.34108493933840967
27.703406813627254,0.6354132425424094,0.016967896892155394,0.6555800924098381,0.34441990759016194
27.895791583166332,0.6420720320353746,0.01762176384190615,0.6522567036631284,0.3477432963368716
28.08817635270541,0.6486764478275743,0.018300358827639963,0.6489454190637716,0.35105458093622843
28.28056112224449,0.6552244376309256,0.01900458023394599,0.6456467129491104,0.35435328705088964
28.472945891783567,0.6617140306430481,0.019735356203028066,0.6423610081091143,0.35763899189088566
28.665330661322646,0.6681433392331706,0.020493645392394427,0.639088674648876,0.360911325351124
28.857715430861724,0.6745105603926658,0.0212804377328824,0.6358300289568593,0.36416997104314075
29.050100200400802,0.6808139769513546,0.022096755185066524,0.6325853327793571,0.36741466722064287
29.24248496993988,0.6870519585617223,0.0229436524919082,0.6293547924012708,0.3706452075987292
29.43486973947896,0.6932229624541558,0.023822217925301984,0.6261385579329788,0.3738614420670212
29.627254509018037,0.6993255339672171,0.0247335740239586,0.622936722702773,0.377063277297227
29.819639278557116,0.7053583068578247,0.025678878319837024,0.6197493227540603,0.38025067724593975
30.01202404809619,0.7113200033970118,0.026659324050096824,0.6165763364462962,0.38342366355370383
30.20440881763527,0.7172094342576534,0.027676140851288084,0.6134176841584119,0.3865823158415881
30.396793587174347,0.7230254982012351,0.028730595432228438,0.61027322809333,0.38972677190667004
30.589178356713425,0.7287671815713281,0.02982399222173574,0.6071427721820345,0.3928572278179655
30.781563126252504,0.7344335576019713,0.030957673987090067,0.604026062085568,0.39597393791443203
30.973947895791582,0.7400237855496244,0.03213302241879047,0.6009227852932737,0.3990772147067263
31.16633266533066,0.7455371096577633,0.0333514586768506,0.5978325713155812,0.4021674286844188
31.35871743486974,0.7509728579635023,0.03461444389354247,0.5947549919696526,0.40524500803034735
31.551102204408817,0.7563304409559115,0.03592347962715098,0.5916895617562643,0.4083104382437357
31.743486973947896,0.7616093500958812,0.037280108260942635,0.5886357383263822,0.41136426167361784
31.935871743486974,0.7668091562075361,0.0386859133411822,0.5855929230360176,0.4144070769639824
32.12825651302605,0.7719295077512727,0.04014251984765104,0.5825604615881017,0.4174395384118983
32.32064128256513,0.7769701289885163,0.041651594389732476,0.5795376447603015,0.42046235523969855
32.51302605210421,0.7819308180482654,0.04321484532073343,0.5765237092179138,0.42347629078208615
32.705410821643284,0.7868114449054046,0.04483402276271014,0.573517838411213,0.42648216158878705
32.897795591182366,0.7916119492806395,0.04651091853366301,0.5705191635568807,0.4294808364431193
33.09018036072144,0.7963323384717329,0.04824736596855709,0.5675267647034417,0.43247323529655834
33.28256513026052,0.8009726851255118,0.050045239625225786,0.5645396718809068,0.4354603281190932
33.4749498997996,0.8055331249598622,0.051906454865812274,0.5615568663351559,0.4384431336648441
33.66733466933868,0.810013854444655,0.053832967304019166,0.5585772818478956,0.44142271815210443
33.859719438877754,0.8144151284502289,0.0558267721080553,0.5555998061433693,0.44440019385663065
34.052104208416836,0.8187372578717349,0.0578899031488139,0.5526232823833124,0.4473767176166876
34.24448897795591,0.8229806072372795,0.060024431982475764,0.5496465107519863,0.45035348924801366
34.43687374749499,0.8271455923074506,0.06223246665642605,0.5466682501334342,0.45333174986656577
34.62925851703407,0.831232677673403,0.06451615032709364,0.5436872198834217,0.4563127801165783
34.82164328657315,0.835242374360311,0.06687765967809271,0.5407021016988137,0.4592978983011863
35.014028056112224,0.8391752374425665,0.06931920312685377,0.5377115415874182,0.4622884584125818
35.2064128256513,0.8430318636767162,0.07184301880780458,0.5347141519415755,0.46528584805842454
35.39879759519038,0.8468128891577067,0.07445137232008832,0.5317085137189879,0.46829148628101214
35.591182364729455,0.8505189870036045,0.07714655422781339,0.5286931787344713,0.4713068212655287
35.78356713426854,0.8541508650735519,0.07993087730091358,0.5256666720664449,0.4743333279335551
35.97595190380761,0.8577092637233161,0.08280667348487022,0.5226274945820726,0.4773725054179274
36.168336673346694,0.8611949536023988,0.08577629058783037,0.5195741255850054,0.4804258744149946
36.36072144288577,0.8646087334962825,0.088842088674037,0.5165050255896544,0.4834949744103456
36.55310621242485,0.8679514282170235,0.09200643615300409,0.5134186392258373,0.4865813607741627
36.745490981963925,0.8712238865450298,0.09527170555450558,0.5103133982774838,0.4896866017225162
36.93787575150301,0.8744269792245138,0.09864026898024221,0.5071877248588477,0.49281227514115233
37.13026052104208,0.8775615970147747,0.10211449322398355,0.5040400347313596,0.4959599652686404
37.322645290581164,0.8806286487991404,0.1056967345530963,0.5008687407638386,0.4991312592361614
37.51503006012024,0.8836290597530867,0.10938933314564457,0.49767225653828867,0.5023277434617113
37.70741482965932,0.8865637695727698,0.11319460717872092,0.49444900010289317,0.5055509998971068
37.899799599198396,0.8894337307649145,0.11711484656531716,0.4911973978731299,0.5088026021268701
38.09218436873748,0.8922399069987578,0.12115230633891182,0.4879158886811031,0.512084111318897
38.28456913827655,0.8949832715204866,0.12530919968700768,0.48460292797227716,0.5153970720277228
38.476953907815634,0.8976648056303905,0.12958769063713627,0.48125699214775614,0.5187430078522439
38.66933867735471,0.9002854972227285,0.13398988640132636,0.47787658304910896,0.522123416950891
38.861723446893784,0.9028463393881199,0.13851782938774349,0.4744602325814743,0.5255397674185257
39.054108216432866,0.9053483290780788,0.14317348889110917,0.47100650746930994,0.5289934925306901
39.24649298597194,0.9077924658311511,0.14795875247663,0.46751401413766697,0.532485985862333
39.43887775551102,0.9101797505599558,0.15287541707547658,0.46398140371028157,0.5360185962897184
39.6312625250501,0.9125111843982965,0.15792517981333834,0.4604073771140974,0.5395926228859026
39.82364729458918,0.9147877676073843,0.16310962859725028,0.45679069027805186,0.5432093097219481
40.016032064128254,0.9170104985400994,0.16843023248967753,0.45313015941211654,0.5468698405878835
40.208416833667336,0.9191803726621222,0.1738883319027804,0.4494246663506548,0.5505753336493452
40.40080160320641,0.9212983816286751,0.17948512864978197,0.44567316394220524,0.5543268360577948
40.59318637274549,0.9233655124155429,0.18522167589444039,0.4418746814657855,0.5581253185342145
40.78557114228457,0.9253827465029717,0.19109886804369888,0.4380283300518133,0.5619716699481867
40.97795591182365,0.9273510591109945,0.19711743063265172,0.43413330808372663,0.5658666919162734
41.170340681362724,0.9292714184846828,0.2032779102549287,0.43018890655442843,0.5698110934455716
41.362725450901806,0.9311447852277895,0.2095806645954565,0.4261945143497665,0.5738054856502335
41.55511022044088,0.9329721116832195,0.21602585262619828,0.4221496234294521,0.5778503765705478
41.74749498997996,0.9347543413587429,0.2226134250288919,0.4180538338741197,0.5819461661258802
41.93987975951904,0.9364924083963545,0.22934311491188403,0.4139068587656985,0.5860931412343016
42.13226452905812,0.9381872370836727,0.23621442889088595,0.40970852886690434,0.5902914711330957
42.324649298597194,0.9398397414057762,0.2432266386057243,0.4054587970645386,0.5945412029354614
42.51703406813627,0.9414508246358748,0.25037877274693043,0.4011577425403911,0.5988422574596088
42.70941883767535,0.943021378963226,0.25766960966716596,0.3968055746329653,0.6031944253670347
42.901803607214426,0.9445522851567201,0.26509767065301865,0.3924026363529667,0.6075973636470333
43.09418837675351,0.9460444122625774,0.2726612139325265,0.38794940751557694,0.6120505924844231
43.28657314629258,0.9474986173346213,0.28035822949283956,0.38344650745300063,0.6165534925469993
43.478957915831664,0.9489157451956176,0.28818643478069994,0.3788946972716221,0.6211053027283779
43.67134268537074,0.9502966282281992,0.29614327135581164,0.37429488161940455,0.6257051183805955
43.86372745490982,0.9516420861939233,0.30422590256371695,0.36964810993087605,0.630351890069124
44.056112224448896,0.952952926079046,0.31243121229041165,0.36495557711922344,0.6350444228807766
44.24849699398798,0.95422994196563,0.3207558048556776,0.36021862368762764,0.6397813763123723
44.44088176352705,0.9554739149266384,0.3291960060959228,0.3554387352350513,0.6445612647649487
44.633266533066134,0.9566856129437071,0.33774786568029697,0.3506175413351833,0.6493824586648167
44.82565130260521,0.9578657908463236,0.3464071606959474,0.3457568137711806,0.6542431862288194
45.01803607214429,0.9590151902711835,0.35516940052963497,0.3408584641131499,0.6591415358868501
45.210420841683366,0.9601345396405336,0.36402983306352715,0.33592454062999627,0.6640754593700038
45.40280561122245,0.9612245541583494,0.37298345219299134,0.3309572245322471,0.6690427754677529
45.59519038076152,0.9622859358232394,0.382025006663646,0.32595882554771927,0.6740411744522807
45.7875751503006,0.9633193734570065,0.39114901021398524,0.3209317768373545,0.6790682231626455
45.97995991983968,0.9643255427478372,0.4003497529986158,0.3158786292641654,0.6841213707358347
46.172344689378754,0.9653051063071312,0.4096213142557542,0.31080204503391384,0.6891979549660862
46.364729458917836,0.9662587137390218,0.418957576171208,0.3057047907318362,0.6942952092681638
46.55711422845691,0.9671870017216782,0.42835223887978635,0.30058972978535164,0.6994102702146483
46.74949899799599,0.9680905940995199,0.43779883653413193,0.2954598143881501,0.7045401856118498
46.94188376753507,0.9689701019855099,0.4472907543604287,0.2903180769263062,0.7096819230736938
47.13426853707415,0.969826123872733,0.4568212466105649,0.28516762095198767,0.7148323790480123
47.326653306613224,0.9706592457544976,0.4663834553111645,0.2800116117548938,0.7199883882451061
47.519038076152306,0.9714700412522439,0.47597042970168785,0.27485326658564635,0.7251467334143537
47.71142284569138,0.9722590717505651,0.4855751462465691,0.2696958445889611,0.7303041554110389
47.90380761523046,0.9730268865386911,0.49519052910031963,0.2645426365074292,0.7354573634925707
48.09619238476954,0.9737740229578109,0.5048094708996804,0.2593969542191449,0.7406030457808551
48.28857715430862,0.9745010065536491,0.5144248537534309,0.2542621201741424,0.7457378798258576
48.480961923847694,0.9752083512337321,0.5240295702983122,0.24914145679566446,0.7508585432043355
48.673346693386776,0.9758965594288224,0.5336165446888355,0.2440382759126122,0.7559617240873878
48.86573146292585,0.9765661222580155,0.5431787533894351,0.23895586828917545,0.7610441317108245
49.05811623246493,0.9772175196970337,0.5527092456395714,0.23389749331654913,0.7661025066834508
49.25050100200401,0.9778512207492673,0.5622011634658681,0.22886636892989565,0.7711336310701044
49.44288577154308,0.9784676836191487,0.5716477611202133,0.22386566181127643,0.7761343381887236
49.635270541082164,0.979067355887462,0.5810424238287921,0.21889847793624606,0.7811015220637539
49.82765531062124,0.9796506746882203,0.5903786857442455,0.21396785351817812,0.7860321464818218
50.02004008016032,0.9802180668867649,0.5996502470013843,0.20907674640026366,0.7909232535997364
50.212424849699396,0.9807699492587565,0.6088509897860144,0.2042280279405524,0.7957719720594476
50.40480961923848,0.9813067286697593,0.617974993336354,0.19942447543043132,0.8005755245695687
50.59719438877755,0.9818288022551317,0.6270165478070087,0.1946687650816864,0.8053312349183136
50.789579158316634,0.9823365575999584,0.6359701669364728,0.18996346561178232,0.8100365343882177
50.98196392785571,0.9828303729187777,0.644830599470365,0.1853110324513675,0.8146889675486325
51.17434869739479,0.9833106172348751,0.6535928393040527,0.18071380259227987,0.8192861974077201
51.366733466933866,0.9837776505589295,0.6622521343197031,0.17617399008863016,0.8238260099113699
51.55911823647295,0.9842318240668185,0.6708039939040772,0.17169368221789308,0.828306317782107
51.75150300601202,0.9846734802763939,0.6792441951443223,0.16727483630346157,0.8327251636965385
51.943887775551104,0.9851029532230684,0.6875687877095883,0.16291927719482507,0.8370807228051749
52.13627254509018,0.985520568634054,0.695774097436283,0.15862869539653418,0.8413713046034659
52.32865731462926,0.9859266441011116,0.7038567286441884,0.1544046458324056,0.8455953541675945
52.521042084168336,0.9863214892516844,0.7118135652193001,0.150248547227092,0.849751452772908
52.71342685370742,0.9867054059182965,0.7196417705071605,0.14616168208318633,0.8538383179168136
52.90581162324649,0.9870786883061085,0.7273387860674735,0.14214519722851446,0.8578548027714855
53.09819639278557,0.9874416231585373,0.7349023293469812,0.1382001049051676,0.8617998950948325
53.29058116232465,0.98779448992085,0.742330390332834,0.13432728436920052,0.8656727156307995
53.482965931863724,0.9881375609016545,0.7496212272530693,0.1305274839677208,0.8694725160322792
53.675350701402806,0.9884711014322206,0.7567733613942756,0.1268013236583629,0.8731986763416371
53.86773547094188,0.9887953700235662,0.763785571109114,0.12314929793483818,0.8768507020651618
54.06012024048096,0.9891106185212596,0.7706568850881158,0.11957177912137529,0.8804282208786247
54.25250501002004,0.9894170922578879,0.7773865749711082,0.11606902099839636,0.8839309790016037
54.44488977955912,0.9897150302031548,0.7839741473738018,0.11264116272167947,0.8873588372783205
54.637274549098194,0.9900046651115715,0.7904193354045435,0.1092882329975211,0.8907117670024789
54.829659318637276,0.9902862236677175,0.7967220897450713,0.1060101544769915,0.8939898455230085
55.02204408817635,0.9905599266290435,0.8028825693673483,0.10280674833325631,0.8971932516667437
55.21442885771543,0.990825988966206,0.8089011319563011,0.09967773898705676,0.9003222610129432
55.40681362725451,0.9910846200009145,0.8147783241055596,0.09662275894680869,0.9033772410531913
55.59919839679359,0.9913360235412907,0.8205148713502181,0.09364135373131016,0.9063586462686899
55.791583166332664,0.9915803980147304,0.8261116680972196,0.09073298684476153,0.9092670131552385
55.983967935871746,0.9918179365982714,0.8315697675103224,0.08789704477561665,0.9121029552243833
56.17635270541082,0.99204882734647,0.8368903714027498,0.08513284199271358,0.9148671580072865
56.368737474949896,0.9922732533167941,0.8420748201866615,0.08243962591411194,0.9175603740858881
56.56112224448898,0.9924913926925407,0.8471245829245235,0.07981658182609491,0.920183418173905
56.75350701402805,0.9927034189032954,0.8520412475233698,0.07726283773183215,0.9227371622681678
56.945891783567134,0.9929095007429425,0.8568265111088909,0.07477746911123045,0.9252225308887696
57.13827655310621,0.9931098024852498,0.8614821706122564,0.07235950357550938,0.9276404964244906
57.33066132264529,0.9933044839970441,0.8660101135986735,0.07000792540199341,0.9299920745980066
57.523046092184366,0.9934937008490018,0.8704123093628637,0.06772167993651733,0.9322783200634827
57.71543086172345,0.9936776044240749,0.8746908003129923,0.06549967785267014,0.9345003221473298
57.90781563126252,0.9938563420235813,0.8788476936610882,0.06334079925884432,0.9366592007411557
58.100200400801604,0.9940300569709841,0.8828851534346829,0.06124389764571571,0.9387561023542843
58.29258517034068,0.9941988887133882,0.8868053928212791,0.05920780366833573,0.9407921963316642
58.48496993987976,0.9943629729207832,0.8906106668543554,0.057231328758469834,0.9427686712415302
58.677354709418836,0.994522441583063,0.8943032654469038,0.055313268564169765,0.9446867314358303
58.86973947895792,0.9946774231048542,0.8978855067760164,0.05345240621480741,0.9465475937851926
59.06212424849699,0.9948280423981823,0.9013597310197577,0.05164751541093907,0.948352484589061
59.254509018036075,0.9949744209730128,0.9047282944454944,0.04989736333939703,0.950102636660603
59.44689378757515,0.9951166770256954,0.9079935638469959,0.04820071341493911,0.9517992865850609
59.63927855711423,0.9952549255253479,0.911157911325963,0.04655632785061194,0.9534436721493881
59.831663326653306,0.9953892782982154,0.9142237094121697,0.04496297005971821,0.9550370299402818
60.02404809619238,0.995519844110034,0.9171933265151296,0.04341940689291987,0.9565805931070801
60.21643286573146,0.9956467287464391,0.9200691226990864,0.04192441071455922,0.9580755892854408
60.40881763527054,0.9957700350914498,0.9228534457721864,0.040476761322754386,0.9595232386772456
60.60120240480962,0.9958898632040663,0.9255486276799118,0.039075247718214315,0.9609247522817856
60.793587174348694,0.996006310393013,0.9281569811921955,0.037718669727046406,0.9622813302729536
60.985971943887776,0.9961194712896658,0.9306807968731463,0.036405839483077226,0.9635941605169228
61.17835671342685,0.9962294379191944,0.9331223403219073,0.03513558277540886,0.9648644172245912
61.37074148296593,0.9963362997699576,0.9354838496729064,0.033906740267065846,0.9660932597329341
61.56312625250501,0.996440143861186,0.9377675333435739,0.03271816859067938,0.9672818314093207
61.75551102204409,0.996541054808984,0.9399755680175244,0.03156874132719501,0.968431258672805
61.947895791583164,0.9966391148906899,0.9421100968511862,0.03045734987359645,0.9695426501264035
62.140280561122246,0.9967344041076227,0.9441732278919448,0.02938290420559738,0.9706170957944026
62.33266533066132,0.9968270002462549,0.9461670326959808,0.028344333541194887,0.9716556664588051
62.5250501002004,0.9969169789378409,0.9480935451341878,0.027340586910877707,0.9726594130891223
62.71743486973948,0.9970044137165347,0.9499547603747742,0.026370633640172274,0.9736293663598278
62.90981963927856,0.9970893760760323,0.9517526340314428,0.02543346375006404,0.9745665362499359
63.102204408817634,0.9971719355247677,0.953489081466337,0.024528088280686023,0.975471911719314
63.294589178356716,0.9972521596396956,0.9551659772372899,0.023653539543492023,0.976346460456508
63.48697394789579,0.9973301141186949,0.9567851546792665,0.022808871306954054,0.9771911286930459
63.679358717434866,0.9974058628316197,0.9583484056102675,0.021993158920637405,0.9780068410793626
63.87174348697395,0.9974794678700326,0.9598574801523491,0.021205499382310793,0.9787945006176892
64.06412825651303,0.9975509895956469,0.9613140866588178,0.02044501135254999,0.97955498864745
64.2565130260521,0.9976204866875121,0.9627198917390574,0.01971083512109086,0.9802891648789092
64.44889779559118,0.9976880161879659,0.964076520372849,0.019002132528990873,0.9809978674710091
64.64128256513025,0.9977536335473868,0.9653855561064575,0.018318086850447206,0.9816819131495528
64.83366733466934,0.9978173926677749,0.9666485413231495,0.017657902637926548,0.9823420973620735
65.02605210420842,0.9978793459451838,0.9678669775812095,0.017020805534062523,0.9829791944659375
65.21843687374749,0.9979395443110395,0.96904232601291,0.016406042053577253,0.9835939579464228
65.41082164328657,0.9979980372723632,0.9701760077782642,0.01581287933830445,0.9841871206616956
65.60320641282566,0.9980548729509355,0.9712694045677717,0.015240604888193177,0.9847593951118068
65.79559118236473,0.9981100981214154,0.972323859148712,0.01468852627100708,0.985311473728993
65.9879759519038,0.9981637582484523,0.9733406759499031,0.014155970813244906,0.9858440291867551
66.18036072144288,0.9982158975228045,0.9743211216801629,0.013642285274656513,0.9863577147253435
66.37274549098197,0.9982665588964978,0.9752664259760414,0.013146835508555266,0.9868531644914448
66.56513026052104,0.9983157841170414,0.9761777820746981,0.01266900610998235,0.9873309938900177
66.75751503006012,0.9983636137607269,0.9770563475080918,0.012208200053627,0.987791799946373
66.9498997995992,0.9984100872650373,0.9779032448149335,0.011763838323266445,0.9882361616767336
67.14228456913827,0.9984552429601793,0.9787195622671176,0.011335359534360495,0.9886646404656395
67.33466933867736,0.9984991180997713,0.9795063546076055,0.01092221955130016,0.9890777804486999
67.52705410821643,0.9985417488907004,0.980264643796972,0.01052389110069885,0.9894761088993012
67.71943887775551,0.998583170522174,0.980995419766054,0.01013986338199469,0.9898601366180053
67.91182364729458,0.9986234171939855,0.98169964117236,0.009769641676526535,0.9902303583234735
68.10420841683367,0.9986625221440133,0.9823782361580938,0.0094127469561471,0.9905872530438529
68.29659318637275,0.9987005176749739,0.9830321031078445,0.009068715492339485,0.9909312845076605
68.48897795591182,0.9987374351804473,0.9836621114041695,0.008737098466713961,0.991262901533286
68.6813627254509,0.9987733051701957,0.9842691021794643,0.008417461583679797,0.9915825384163202
68.87374749498998,0.9988081572947904,0.9848538890626772,0.008109384686005684,0.9918906153139944
69.06613226452906,0.9988420203695677,0.9854172589195599,0.0078124613739145865,0.9921875386260854
69.25851703406813,0.9988749223979303,0.9859599725853002,0.0075262986282812585,0.9924737013717188
69.45090180360721,0.9989068905940115,0.9864827655884931,0.007250516438448262,0.9927494835615518
69.6432865731463,0.9989379514047186,0.9869863488655373,0.0069847474351079795,0.993015252564892
69.83567134268537,0.9989681305311711,0.9874714094646486,0.006728636528648713,0.9932713634713513
70.02805611222445,0.998997452949553,0.9879386112387855,0.006481840553308421,0.9935181594466915
70.22044088176352,0.999025942931389,0.9883885955268736,0.006244027917438122,0.9937559720825618
70.4128256513026,0.999053624063266,0.9888219818228116,0.0060148782601245065,0.9939851217398755
70.60521042084169,0.99908051926601,0.9892393684318057,0.005794082114392624,0.9942059178856074
70.79759519038076,0.9991066508133349,0.9896413331136732,0.00558134057716268,0.9944186594228374
70.98997995991984,0.9991320403499769,0.9900284337128064,0.005376364986107202,0.9946236350138928
71.18236472945891,0.9991567089093295,0.990401208774562,0.005178876603520749,0.9948211233964792
71.374749498998,0.9991806769305888,0.9907601781478912,0.004988606307289462,0.9950113936927105
71.56713426853707,0.9992039642754268,0.9911058435740807,0.004805294289017587,0.9951947057109825
71.75951903807615,0.9992265902442026,0.9914386892615233,0.004628689759347171,0.9953713102406528
71.95190380761522,0.9992485735917246,0.9917591824464755,0.004458550660486166,0.9955414493395138
72.14428857715431,0.999269932542575,0.9920677739398033,0.004294643385939606,0.9957053566140603
72.33667334669339,0.9992906848060105,0.9923648986597479,0.004136742507421359,0.9958632574925786
72.52905811623246,0.9993108475904484,0.9926509761507808,0.003984630508907816,0.9960153694910922
72.72144288577154,0.9993304376175509,0.9929264110886381,0.0038380975277830355,0.9961619024722169
72.91382765531063,0.9993494711359167,0.993191593771657,0.003696941103009005,0.996303058896991
73.1062124248497,0.9993679639343931,0.9934469005985547,0.003560965930245774,0.9964390340697542
73.29859719438878,0.9993859313550176,0.9936926945328141,0.0034299836238350367,0.9965700163761649
73.49098196392785,0.9994033883055968,0.9939293255538522,0.0033038124855553465,0.9966961875144447
73.68336673346694,0.9994203492719375,0.9941571310951728,0.003182277280041751,0.9968177227199583
73.87575150300601,0.999436828329735,0.9943764364697052,0.0030652090167666455,0.9969347909832333
74.06813627254509,0.9994528391561307,0.9945875552825546,0.002952444738463883,0.9970475552615361
74.26052104208416,0.9994683950409454,0.9947907898313905,0.002843827315879327,0.9971561726841207
74.45290581162324,0.9994835088976012,0.994986431494715,0.0027392052487219707,0.997260794751278
74.64529058116233,0.9994981932737352,0.9951747611082534,0.0026384324726924312,0.9973615675273075
74.8376753507014,0.9995124603615203,0.9953560493297176,0.002541368172457087,0.9974586318275429
75.03006012024048,0.9995263220076925,0.9955305569921997,0.002447876600438498,0.9975521233995615
75.22244488977955,0.9995397897233016,0.995698535446453,0.0023578269012877627,0.9976421730987123
75.41482965931864,0.9995528746931872,0.9958602268923182,0.0022710929419066384,0.9977289070580934
75.60721442885772,0.999565587785188,0.9960158646995603,0.0021875531468852627,0.9978124468531148
75.79959919839679,0.999577939559096,0.9961656737183776,0.0021070903392179873,0.997892909660782
75.99198396793587,0.9995899402753566,0.996309870579841,0.002029591586169016,0.997970408413831
76.18436873747495,0.999601599903526,0.9964486639865328,0.001954948050146904,0.998045051949853
76.37675350701403,0.9996129281304921,0.9965822549936338,0.0018830548444616457,0.9981169451555384
76.5691382765531,0.9996239343684623,0.9967108372807286,0.0018138108938276498,0.9981861891061723
76.76152304609218,0.9996346277627299,0.9968345974145728,0.0017471187994851256,0.9982528812005149
76.95390781563127,0.999645017199219,0.9969537151030834,0.0016828847088097287,0.9983171152911903
77.14629258517034,0.9996551113118205,0.9970683634407977,0.0016210181892819032,0.998378981810718
77.33867735470942,0.9996649184895198,0.9971787091460457,0.0015614321066932668,0.9984385678933068
77.53106212424849,0.9996744468833246,0.9972849127900787,0.0015040425074645703,0.9984959574925354
77.72344689378757,0.9996837044129978,0.9973871290183947,0.001448768504953657,0.9985512314950463
77.91583166332666,0.9996926987736013,0.9974855067644891,0.0013955321696348445,0.9986044678303652
78.10821643286573,0.9997014374418558,0.9975801894562627,0.0013442584230335397,0.9986557415769665
78.3006012024048,0.9997099276823188,0.997671315215312,0.0012948749353005108,0.9987051250646994
78.49298597194388,0.9997181765533937,0.99775901704932,0.0012473120263128356,0.9987526879736872
78.68537074148297,0.9997261909131643,0.9978434230377636,0.0012015025701942572,0.9987984974298058
78.87775551102204,0.999733977425068,0.9979246565111475,0.0011573819031456712,0.9988426180968544
79.07014028056112,0.9997415425634089,0.998002836223969,0.0011148877344815066,0.9988851122655185
79.2625250501002,0.9997488926187138,0.9980780765216173,0.001073960060770146,0.9989260399392299
79.45490981963928,0.9997560337029382,0.998150487501397,0.0010345410829793067,0.9989654589170207
79.64729458917836,0.9997629717545266,0.9982201751678728,0.000996575126526672,0.9990034248734734
79.83967935871743,0.9997697125433272,0.9982872415827159,0.0009600085641448042,0.9990399914358552
80.03206412825651,0.9997762616753701,0.998351785009236,0.0009247897414654093,0.9990752102585346
80.2244488977956,0.9997826245975107,0.9984139000517716,0.0008908689052344265,0.9991091310947656
80.41683366733467,0.9997888066019391,0.9984736777901129,0.0008581981340709532,0.999141801865929
80.60921843687375,0.9997948128305675,0.9985312059091219,0.0008267312716836728,0.9991732687283164
80.80160320641282,0.9998006482792868,0.9985865688237093,0.0007964238624662612,0.9992035761375337
80.9939879759519,0.9998063178021098,0.9986398477993288,0.0007672330893861822,0.9992327669106138
81.18637274549098,0.9998118261151917,0.9986911210681383,0.0007391177140945893,0.9992608822859054
81.37875751503006,0.9998171778007405,0.9987404639409757,0.0007120380191789066,0.999287961980821
81.57114228456913,0.9998223773108159,0.9987879489152949,0.000685955752485401,0.9993140442475146
81.76352705410821,0.9998274289710194,0.9988336457791971,0.0006608340734427287,0.9993391659265572
81.9559118236473,0.9998323369840821,0.9988776217116976,0.0006366375013142466,0.9993633624986857
82.14829659318637,0.9998371054333505,0.9989199413793522,0.0006133318653161635,0.9993866681346838
82.34068136272545,0.9998417382861717,0.9989606670293754,0.0005908842565350402,0.9994091157434649
82.53306613226452,0.9998462393971861,0.9989998585793677,0.000569262981582419,0.9994307370184176
82.72545090180361,0.9998506125115248,0.9990375737037764,0.0005484375179255985,0.9994515624820745
82.91783567134269,0.9998548612679162,0.9990738679171997,0.0005283784708378702,0.9994716215291621
83.11022044088176,0.999858989201706,0.9991087946546466,0.000509057531908974,0.999490942468091
83.30260521042084,0.9998629997477916,0.9991424053488621,0.00049044743906273,0.9995095525609373
83.49498997995993,0.999866896243472,0.9991747495048193,0.0004725219380279255,0.9995274780619721
83.687374749499,0.999870681931218,0.9992058747714787,0.00045525574521255714,0.9995447442547875
83.87975951903807,0.999874359961365,0.9992358270109163,0.0004386245119276155,0.9995613754880723
84.07214428857715,0.9998779333947267,0.9992646503649061,0.0004226047899199226,0.99957739521008
84.26452905811624,0.9998814052051384,0.9992923873190587,0.00040717399815840547,0.9995928260018416
84.45691382765531,0.9998847782819238,0.9993190787645925,0.00039231039083805765,0.9996076896091619
84.64929859719439,0.9998880554322972,0.9993447640578323,0.0003779930265500886,0.9996220069734499
84.84168336673346,0.9998912393836924,0.9993694810775097,0.0003642017385835861,0.9996357982614165
85.03406813627254,0.9998943327860296,0.9993932662799486,0.0003509171063123817,0.9996490828936876
85.22645290581163,0.9998973382139156,0.9994161547522111,0.0003381204276324268,0.9996618795723675
85.4188376753507,0.999900258168783,0.999438180263278,0.00032579369240862686,0.9996742063075914
85.61122244488978,0.9999030950809675,0.9994593753133336,0.0003139195568978015,0.9996860804431023
85.80360721442885,0.9999058513117286,0.9994797711812249,0.0003024813191096876,0.9996975186808903
85.99599198396794,0.9999085291552091,0.9994993979701631,0.00029146289507436254,0.9997085371049257
86.18837675350701,0.9999111308403437,0.999518284651726,0.00028084879598235803,0.9997191512040177
86.38076152304609,0.9999136585327095,0.9995364591082313,0.0002706241061650627,0.9997293758938349
86.57314629258516,0.9999161143363267,0.9995539481735329,0.00026077446188653707,0.9997392255381135
86.76553106212425,0.9999185002954065,0.9995707776723011,0.00025128603091653103,0.9997487139690835
86.95791583166333,0.9999208183960505,0.9995869724578426,0.00024214549285598853,0.999757854507144
87.1503006012024,0.9999230705679011,0.9996025564485137,0.00023334002018766118,0.9997666599798123
87.34268537074148,0.9999252586857461,0.9996175526627762,0.00022485726002615669,0.9997751427399738
87.53507014028057,0.9999273845710767,0.9996319832529482,0.00021668531654139289,0.9997833146834586
87.72745490981964,0.9999294499936014,0.9996458695376973,0.0002088127340307,0.9997911872659693
87.91983967935872,0.9999314566727178,0.9996592320333209,0.0002012284806165776,0.9997987715193835
88.11222444889779,0.9999334062789422,0.9996720904838616,0.0001939219325451824,0.9998060780674548
88.30460921843687,0.9999353004352979,0.9996844638900965,0.00018688285906772183,0.9998131171409322
88.49699398797596,0.9999371407186654,0.999696370537445,0.0001801014078781027,0.999819898592122
88.68937875751503,0.9999389286610928,0.9997078280228344,0.00017356809109103088,0.999826431908909
88.8817635270541,0.9999406657510707,0.9997188532805608,0.00016727377173782475,0.9998327262282621
89.07414829659318,0.9999423534347693,0.9997294626071841,0.0001612096507617511,0.9998387903492383
89.26653306613227,0.999943993117241,0.9997396716854907,0.00015536725449618037,0.9998446327455038
89.45891783567134,0.99994558616359,0.9997494956075613,0.00014973842260385117,0.9998502615773961
89.65130260521042,0.9999471339001058,0.9997589488969744,0.0001443152964652028,0.9998556847035348
89.84368737474949,0.9999486376153683,0.9997680455301781,0.00013909030799521548,0.9998609096920048
90.03607214428858,0.9999500985613184,0.9997767989570636,0.00013405616887489092,0.9998659438311251
90.22845691382766,0.9999515179542992,0.9997852221207657,0.00012920586018252966,0.9998707941398175
90.42084168336673,0.9999528969760687,0.9997933274767228,0.00012453262240769147,0.9998754673775923
90.6132264529058,0.9999542367747818,0.9998011270110221,0.00012002994583715232,0.9998799700541628
90.8056112224449,0.9999555384659461,0.9998086322580574,0.00011569156129556668,0.9998843084387045
90.99799599198397,0.99995680313335,0.9998158543175235,0.00011151143123074302,0.9998884885687692
91.19038076152304,0.9999580318299639,0.999822803870775,0.00010748374112872215,0.9998925162588713
91.38276553106212,0.9999592255788156,0.9998294911965703,0.00010360289124786148,0.9998963971087521
91.5751503006012,0.9999603853738431,0.9998359261862236,9.986348865877458e-05,0.9999001365113412
91.76753507014028,0.9999615121807206,0.9998421183581917,9.62603395798789e-05,0.9999037396604201
91.95991983967936,0.9999626069376611,0.9998480768721089,9.278844199805402e-05,0.999907211558002
92.15230460921843,0.9999636705561992,0.9998538105422977,8.944297856151584e-05,0.9999105570214385
92.34468937875751,0.9999647039219471,0.9998593278507714,8.621930973810587e-05,0.9999137806902619
92.5370741482966,0.9999657078953333,0.999864636959747,8.311296722647853e-05,0.9999168870327735
92.72945891783567,0.9999666833123183,0.9998697457236916,8.011964761097111e-05,0.999919880352389
92.92184368737475,0.999967630985089,0.9998746617009101,7.723520625489421e-05,0.9999227647937451
93.11422845691382,0.9999685517027358,0.9998793921647038,7.445565141699916e-05,0.999925544348583
93.30661322645291,0.9999694462319095,0.9998839441141043,7.177713858855795e-05,0.9999282228614115
93.49899799599199,0.9999703153174581,0.9998883242842084,6.919596503968673e-05,0.9999308040349603
93.69138276553106,0.9999711596830471,0.9998925391561199,6.67085645688903e-05,0.9999332914354311
93.88376753507013,0.9999719800317626,0.999896594966521,6.431150244636807e-05,0.9999356884975537
94.07615230460922,0.9999727770466951,0.9999004977168823,6.20014705460803e-05,0.9999379985294539
94.2685370741483,0.999973551391509,0.9999042531823255,5.977528265821985e-05,0.9999402247173418
94.46092184368737,0.9999743037109947,0.9999078669201548,5.7629869974995526e-05,0.999942370130025
94.65330661322645,0.999975034631605,0.9999113442780653,5.556227674512471e-05,0.9999444377232549
94.84569138276554,0.9999757447619767,0.9999146904020435,5.35696560887311e-05,0.9999464303439113
95.03807615230461,0.9999764346934371,0.9999179102439696,5.164926596850638e-05,0.9999483507340315
95.23046092184369,0.9999771050004965,0.9999210085689356,4.979846530875354e-05,0.9999502015346913
95.42284569138276,0.9999777562413255,0.9999239899622852,4.801471026096848e-05,0.999951985289739
95.61523046092184,0.9999783889582209,0.9999268588363903,4.6295550605440774e-05,0.9999537044493946
95.80761523046093,0.9999790036780561,0.9999296194371732,4.4638626288145966e-05,0.9999553613737119
96.0,0.9999796009127201,0.9999322758503804,4.304166408578003e-05,0.9999569583359142
