hours,eff_mucosal,eff_parenteral
0.0,0.9998766054240137,0.9955037268390589
0.19238476953907815,0.9998729931199709,0.9952378597740081
0.3847695390781563,0.9998692750816655,0.9949563514941653
0.5771543086172345,0.9998654482150147,0.9946582915026019
0.7695390781563126,0.9998615093354434,0.9943427174794578
0.9619238476953907,0.9998574551652392,0.9940086124758767
1.154308617234469,0.9998532823308329,0.9936549019736486
1.346693386773547,0.9998489873599976,0.9932804508063737
1.5390781563126252,0.9998445666789672,0.9928840599381337
1.7314629258517034,0.9998400166094707,0.9924644630959039
1.9238476953907815,0.9998353333656804,0.9920203232522407
2.1162324649298596,0.9998305130510705,0.9915502289551575
2.308617234468938,0.9998255516551845,0.9910526905025678
2.501002004008016,0.999820445050309,0.9905261359592279
2.693386773547094,0.9998151889880503,0.9899689070147827
2.885771543086172,0.999809779095811,0.9893792546822999
3.0781563126252505,0.9998042108731642,0.9887553348375934
3.270541082164329,0.9997984796881225,0.9880952036007147
3.4629258517034067,0.9997925807732982,0.9873968125622126
3.655310621242485,0.9997865092219522,0.9866580038581932
3.847695390781563,0.9997802599839268,0.9858765050998223
4.040080160320641,0.9997738278614617,0.9850499241647606
4.232464929859719,0.9997672075048876,0.984175743860119
4.424849699398798,0.9997603934081944,0.9832513164688679
4.617234468937876,0.9997533799044713,0.9822738581942929
4.809619238476954,0.9997461611612138,0.9812404435200586
5.002004008016032,0.9997387311754947,0.980147999506743
5.19438877755511,0.9997310837689946,0.9789933000493993
5.386773547094188,0.9997232125828882,0.977772960124761
5.579158316633267,0.9997151110725832,0.9764834300612124
5.771543086172344,0.9997067725023031,0.9751209898695801
5.963927855711423,0.9996981899395185,0.9736817436782077
6.156312625250501,0.9996893562492113,0.9721616143216771
6.348697394789579,0.9996802640879752,0.9705563381389257
6.541082164328658,0.9996709058979459,0.9688614600434354
6.733466933867735,0.9996612739005537,0.9670723289355939
6.925851703406813,0.9996513600900955,0.9651840935352846
7.118236472945892,0.9996411562271211,0.963191698721211
7.31062124248497,0.9996306538316286,0.9610898824724075
7.503006012024048,0.9996198441760605,0.9588731735167477
7.695390781563126,0.9996087182781,0.9565358898010392
7.887775551102204,0.9995972668932573,0.9540721379073427
8.080160320641282,0.9995854805072417,0.9514758135504435
8.27254509018036,0.9995733493281129,0.9487406033017528
8.464929859719438,0.9995608632782073,0.9458599876952067
8.657314629258517,0.9995480119858283,0.9428272458807502
8.849699398797595,0.9995347847766998,0.9396354620005384
9.042084168336673,0.9995211706651701,0.9362775334717667
9.234468937875752,0.9995071583451647,0.9327461813677729
9.42685370741483,0.9994927361808763,0.9290339630953677
9.619238476953909,0.9994778921971873,0.9251332875708511
9.811623246492985,0.9994626140698168,0.9210364330994253
10.004008016032063,0.9994468891151828,0.9167355681622027
10.196392785571142,0.9994307042799742,0.912222775311235
10.38877755511022,0.9994140461304212,0.9074900783653425
10.581162324649299,0.9993969008412584,0.9025294730874446
10.773547094188377,0.9993792541843709,0.8973329615069229
10.965931863727455,0.999361091517113,0.8918925900277072
11.158316633266534,0.9993423977702933,0.886200491433624
11.350701402805612,0.9993231574358146,0.8802489308665392
11.543086172344688,0.9993033545539581,0.8740303558094458
11.735470941883767,0.9992829727003072,0.8675374500555092
11.927855711422845,0.9992619949722916,0.8607631915848866
12.120240480961924,0.9992404039753512,0.8537009142038062
12.312625250501002,0.9992181818087017,0.8463443727250268
12.50501002004008,0.999195310050695,0.8386878113857724
12.697394789579159,0.9991717697437598,0.830726035109213
12.889779559118237,0.9991475413789163,0.8224544831195483
13.082164328657315,0.9991226048798446,0.8138693043201238
13.274549098196392,0.9990969395865038,0.8049674337405446
13.46693386773547,0.9990705242382825,0.7957466692546326
13.659318637274549,0.9990433369566704,0.7862057476689004
13.851703406813627,0.9990153552274393,0.7763444191839638
14.044088176352705,0.9989865558823166,0.7661635191423312
14.236472945891784,0.9989569150801393,0.7556650358988751
14.428857715430862,0.9989264082874766,0.7448521735888257
14.62124248496994,0.9988950102587002,0.7337294085261497
14.813627254509019,0.9988626950154949,0.722302537946484
15.006012024048095,0.998829435825788,0.7105787198168755
15.198396793587174,0.9987952051820866,0.6985665024725042
15.390781563126252,0.9987599747792026,0.6862758429108021
15.58316633266533,0.998723715491352,0.6737181126774913
15.775551102204409,0.9986863973486099,0.6609060904176927
15.967935871743487,0.9986479895127053,0.6478539403378111
16.160320641282564,0.998608460252136,0.6345771760285446
16.352705410821642,0.998567776916589,0.6210926093328936
16.54509018036072,0.9985259059106424,0.6074182842009104
16.7374749498998,0.9984828126667358,0.5935733957492663
16.929859719438877,0.9984384616173857,0.57957819503154
17.122244488977955,0.9983928161666287,0.5654538803164912
17.314629258517034,0.9983458386606682,0.5512224759578578
17.507014028056112,0.9982974903577105,0.5369067002114964
17.69939879759519,0.998247731396961,0.5225298236050604
17.89178356713427,0.9981965207667663,0.508115519683464
18.084168336673347,0.9981438162718751,0.49368771013251966
18.276553106212425,0.9980895744997965,0.4792704064169864
18.468937875751504,0.9980337507862342,0.4648875501529909
18.661322645290582,0.9979762991795704,0.4505628544653219
18.85370741482966,0.9979171724043785,0.43631964855632865
19.04609218436874,0.9978563218239351,0.42218072763594766
19.238476953907817,0.997793697401713,0.40816821023456873
19.430861723446892,0.9977292476618231,0.3943034047466524
19.62324649298597,0.9976629196483826,0.3806066868394288
19.81563126252505,0.9975946588837837,0.36709738911510065
20.008016032064127,0.9975244093258319,0.3537937041450733
20.200400801603205,0.9974521133237312,0.3407126017097206
20.392785571142284,0.9973777115728839,0.32786976078598656
20.585170340681362,0.9973011430684798,0.3152795165364077
20.77755511022044,0.997222345057842,0.3029548222749595
20.96993987975952,0.9971412529915057,0.2909072261246137
21.162324649298597,0.9970578004729928,0.2791468618446459
21.354709418837675,0.9969719192072584,0.26768245309727706
21.547094188376754,0.9968835389477732,0.2565213302465388
21.739478957915832,0.9967925874422148,0.24566945863932924
21.93186372745491,0.9966989903767325,0.23513147721020586
22.12424849699399,0.9966026713187566,0.22491074617706777
22.316633266533067,0.9965035516583168,0.21500940255302856
22.509018036072145,0.9964015505478396,0.20542842218812551
22.701402805611224,0.9962965848403883,0.19616768707004756
22.8937875751503,0.9961885690263161,0.18722605665232536
23.086172344689377,0.996077415168293,0.17860144203767353
23.278557114228455,0.9959630328346791,0.17029088191955596
23.470941883767534,0.9958453290312028,0.1622906192727481
23.663326653306612,0.9957242081309147,0.15459617788008123
23.85571142284569,0.9955995718023795,0.14720243788427737
24.04809619238477,0.9954713189360731,0.1401037096578111
24.240480961923847,0.9953393455689472,0.13329380538741017
24.432865731462925,0.995203544807128,0.12676610787089265
24.625250501002004,0.9950638067467164,0.1205136361207136
24.817635270541082,0.994920018392648,0.11452910745942702
25.01002004008016,0.9947720635755867,0.10880499587621485
25.20240480961924,0.9946198228668104,0.1033335864899816
25.394789579158317,0.9944631734910574,0.09810702603286228
25.587174348697395,0.9943019892373004,0.0931173693281967
25.779559118236474,0.9941361403674125,0.08835662178916372
25.971943887775552,0.9939654935226933,0.08381677800859524
26.16432865731463,0.9937899116282233,0.07948985654739663
26.35671342685371,0.9936092537950137,0.07536793105897295
26.549098196392784,0.9934233752199223,0.07144315791066572
26.741482965931862,0.9932321270833031,0.0677078004810408
26.93386773547094,0.993035356444365,0.06415425032455714
27.12625250501002,0.9928329061342079,0.06077504540330375
27.318637274549097,0.9926246146465131,0.05756288558972876
27.511022044088175,0.9924103160258606,0.05451064564516356
27.703406813627254,0.9921898397536529,0.05161138587701614
27.895791583166332,0.9919630106316234,0.04885836067326056
28.08817635270541,0.9917296486629089,0.04624502510673827
28.28056112224449,0.9914895689306708,0.043765039794216844
28.472945891783567,0.9912425814742495,0.04141227418647938
28.665330661322646,0.9909884911628424,0.03918080845625922
28.857715430861724,0.9907270975666931,0.037064934140857424
29.050100200400802,0.990458194825788,0.03505915368601644
29.24248496993988,0.9901815715160588,0.03315817902726544
29.43486973947896,0.9898970105130889,0.03135692933465879
29.627254509018037,0.9896042888533327,0.029650528036730676
29.819639278557116,0.9893031775928536,0.028034299229686345
30.01202404809619,0.9889934416635968,0.026503763568423443
30.20440881763527,0.9886748397272148,0.025054633726984698
30.396793587174347,0.9883471240264704,0.023682809507526117
30.589178356713425,0.9880100402342452,0.022384372668869886
30.781563126252504,0.9876633273001915,0.021155581538212547
30.973947895791582,0.9873067172950678,0.01999286546258083
31.16633266533066,0.986939935252807,0.018892819150165382
31.35871743486974,0.9865626990103756,0.017852196945705914
31.551102204408817,0.986174719045484,0.016867907078634982
31.743486973947896,0.985775698312225,0.015937005917690185
31.935871743486974,0.9853653320747165,0.015056692261156595
32.12825651302605,0.9849433077388434,0.014224301687775014
32.32064128256513,0.9845093046821947,0.013437300989624484
32.51302605210421,0.9840629940823099,0.012693282704932227
32.705410821643284,0.9836040387433557,0.01198995976575489
32.897795591182366,0.9831320929213649,0.01132516027278524
33.09018036072144,0.9826468021481848,0.010696822407146365
33.28256513026052,0.982147803054294,0.010102989486911075
33.4749498997996,0.981634723190662,0.009541805174211954
33.66733466933868,0.9811071808498347,0.009011508837157513
33.859719438877754,0.9805647848864526,0.008510431069329244
34.052104208416836,0.9800071345374193,0.008036989368376546
34.24448897795591,0.9794338192419545,0.0075896839741395085
34.43687374749499,0.9788444184617874,0.007167093865791954
34.62925851703407,0.9782385015017593,0.006767872916696866
34.82164328657315,0.9776156273311302,0.0063907462049861505
35.014028056112224,0.9769753444058993,0.0060345064773067465
35.2064128256513,0.976317190492474,0.005698010762699543
35.39879759519038,0.9756406924930398,0.005380177133189586
35.591182364729455,0.9749453662730153,0.005079981607352074
35.78356713426854,0.9742307164909902,0.004796455192871928
35.97595190380761,0.9734962364315765,0.004528681063926816
36.168336673346694,0.9727414078416291,0.004275791869085439
36.36072144288577,0.9719657007703137,0.004036967165320911
36.55310621242485,0.9711685734135359,0.0038114309736839813
36.745490981963925,0.9703494719632694,0.003598449452160374
36.93787575150301,0.9695078304623496,0.0033973286812434326
37.13026052104208,0.9686430706653412,0.003207412557785324
37.322645290581164,0.9677546019061048,0.003028080792741679
37.51503006012024,0.9668418209727345,0.0028587470084943936
37.70741482965932,0.9659041119905648,0.0026988569315202597
37.899799599198396,0.9649408463139836,0.0025478866762687646
38.09218436873748,0.9639513824278242,0.0024053411162163743
38.28456913827655,0.9629350658591427,0.002270752338176931
38.476953907815634,0.9618912291002296,0.0021436781760648224
38.66933867735471,0.9608191915437407,0.0020237008204294273
38.861723446893784,0.9597182594308684,0.00191042550020342
39.054108216432866,0.9585877258135206,0.0018034792332336205
39.24649298597194,0.9574268705315075,0.0017025096422895538
39.43887775551102,0.9562349602057832,0.0016071838333713562
39.6312625250501,0.9550112482488223,0.0015171873332642768
39.82364729458918,0.9537549748932618,0.0014322230834109342
40.016032064128254,0.9524653672399681,0.0013520104872948224
40.208416833667336,0.9511416393267395,0.001276284508648033
40.40080160320641,0.949782992218888,0.0012047948179134238
40.59318637274549,0.9483886141229839,0.0011373049845052607
40.78557114228457,0.9469576805250888,0.0010735917125234134
40.97795591182365,0.9454893543548365,0.001013444117683501
41.170340681362724,0.9439827861767561,0.0009566630433295478
41.362725450901806,0.9424371144102711,0.0009030604134960982
41.55511022044088,0.9408514655798355,0.0008524586210837385
41.74749498997996,0.9392249545966962,0.0008046899493051641
41.93987975951904,0.9375566850738087,0.0007595960246487762
42.13226452905812,0.935845749675443,0.0007170272996927847
42.324649298597194,0.9340912305030482,0.0006768425641855591
42.51703406813627,0.9322921995189591,0.0006389084828869999
42.70941883767535,0.9304477190095343,0.000603099158741544
42.901803607214426,0.9285568420893344,0.0005692957200258316
43.09418837675351,0.9266186132479416,0.0005373859301832527
43.28657314629258,0.924632068941027,0.0005072638191237129
43.478957915831664,0.9225962382272546,0.00047882933482993424
43.67134268537074,0.9205101434526034,0.0004519880141717523
43.86372745490982,0.9183728009836599,0.00042665067188705174
44.056112224448896,0.9161832219914048,0.00040273310674256483
44.24849699398798,0.9139404132869745,0.0003801558239395518
44.44088176352705,0.9116433782108363,0.0003588437728787958
44.633266533066134,0.9092911175767464,0.0003387260994461778
44.82565130260521,0.9068826306718032,0.0003197359120247403
45.01803607214429,0.9044169163138177,0.00030181006048143053
45.210420841683366,0.9018929739671377,0.00028488892741696496
45.40280561122245,0.8993098049179561,0.000268916231005379
45.59519038076152,0.8966664135100184,0.0002538388387860803
45.7875751503006,0.8939618084415131,0.000239606591805522
45.97995991983968,0.891195004123785,0.00022617213853823073
46.172344689378754,0.8883650221023586,0.00021349077804778255
46.364729458917836,0.885470892540573,0.00020152031187758009
46.55711422845691,0.8825116557659617,0.00019022090418904293
46.74949899799599,0.8794863638792864,0.00017955494969107275
46.94188376753507,0.8763940824259292,0.00016948694892955394
47.13426853707415,0.8732338921291073,0.00015998339052920215
47.326653306613224,0.870004890684122,0.0001510126400024044
47.519038076152306,0.8667061946125897,0.00014254483476078462
47.71142284569138,0.8633369411753178,0.00013455178498524698
47.90380761523046,0.8598962903421888,0.00012700688002913898
48.09619238476954,0.8563834268171068,0.00011988500004709687
48.28857715430862,0.8527975621157226,0.00011316243255904258
48.480961923847694,0.8491379366933263,0.00010681679367483999
48.673346693386776,0.8454038221199187,0.0001008269537202499
48.86573146292585,0.8415945232991301,9.517296701915632e-05
49.05811623246493,0.837709380727252,8.983600560057609e-05
49.25050100200401,0.8337477727882788,8.479829661178073e-05
49.44288577154308,0.8297091180804441,8.00430632309537e-05
49.635270541082164,0.825592877769344,7.555446888426449e-05
49.82765531062124,0.8213985579623266,7.131756458305545e-05
50.02004008016032,0.8171257120984223,6.731823920705814e-05
50.212424849699396,0.8127739433476748,6.354317256923115e-05
50.40480961923848,0.8083429070133318,5.997979110693221e-05
50.59719438877755,0.8038323129299524,5.661622605278008e-05
50.789579158316634,0.7992419278500956,5.3441273946703916e-05
50.98196392785571,0.7945715778118745,5.044435935839451e-05
51.17434869739479,0.7898211504792975,4.761549969664332e-05
51.366733466933866,0.7849905974469715,4.4945271988937534e-05
51.55911823647295,0.7800799365004141,4.242478152117248e-05
51.75150300601202,0.7750892538229321,4.004563223348624e-05
51.943887775551104,0.770018706139743,3.7799898774010804e-05
52.13627254509018,0.7648685227897941,3.568010011781887e-05
52.32865731462926,0.7596390077155253,3.367917466351036e-05
52.521042084168336,0.7543305413606708,3.179045672477505e-05
52.71342685370742,0.7489435824660772,3.0007654338875166e-05
52.90581162324649,0.7434786697534612,2.8324828318355416e-05
53.09819639278557,0.7379364234870018,2.673637247639951e-05
53.29058116232465,0.7323175469027229,2.5236994960140712e-05
53.482965931863724,0.7266228274957077,2.3821700629903698e-05
53.675350701402806,0.7208531381553541,2.2485774425820992e-05
53.86773547094188,0.7150094381391076,2.1224765666540677e-05
54.06012024048096,0.7090927738753864,2.0034473227831404e-05
54.25250501002004,0.7031042795867837,1.8910931551811594e-05
54.44488977955912,0.6970451777250405,1.785039744028176e-05
54.637274549098194,0.6909167792097864,1.6849337588244662e-05
54.829659318637276,0.6847204834635924,1.5904416816151312e-05
55.02204408817635,0.6784577782365171,1.5012486961733728e-05
55.21442885771543,0.6721302392140134,1.4170576394472268e-05
55.40681362725451,0.6657395294028201,1.337588011781621e-05
55.59919839679359,0.6592873982902794,1.2625750426226527e-05
55.791583166332664,0.6527756807734026,1.1917688085954359e-05
55.983967935871746,0.6462062958549267,1.1249334010207945e-05
56.17635270541082,0.6395812451045939,1.061846140100539e-05
56.368737474949896,0.6329026108848995,1.0022968331559798e-05
56.56112224448898,0.6261725543416271,9.460870744509603e-06
56.75350701402805,0.6193933131605714,8.930295842688764e-06
56.945891783567134,0.6125671990929759,8.429475850436212e-06
57.13827655310621,0.605696595253348,7.956742124677539e-06
57.33066132264529,0.5987839531944505,7.510519596173679e-06
57.523046092184366,0.5918317897654313,7.089321522431105e-06
57.71543086172345,0.5848426837601678,6.691744534803283e-06
57.90781563126252,0.5778192723640524,6.316463963293221e-06
58.100200400801604,0.570764247408516,5.96222942349001e-06
58.29258517034068,0.5636803514436713,5.6278606509449755e-06
58.48496993987976,0.5565703736404612,5.312243569116026e-06
58.677354709418836,0.549437145534678,5.014326577786812e-06
58.86973947895792,0.5422835366261214,4.733117049600058e-06
59.06212424849699,0.5351124498470091,4.467678023038193e-06
59.254509018036075,0.5279268169145166,4.217125080837353e-06
59.44689378757515,0.5207295935830136,3.980623403438943e-06
59.63927855711423,0.5135237548121523,3.7573849876648e-06
59.831663326653306,0.5063122898674803,3.5466660213527936e-06
60.02404809619238,0.4990981973706399,3.347764405208461e-06
60.21643286573146,0.49188448031653614,3.160017413618585e-06
60.40881763527054,0.4846741410750468,2.9827994866353333e-06
60.60120240480962,0.47747017639493966,2.8155201457762677e-06
60.793587174348694,0.47027557242765783,2.6576220266978957e-06
60.985971943887776,0.4630932997885036,2.5085790221894757e-06
61.17835671342685,0.4559263086725343,2.367894529301458e-06
61.37074148296593,0.4487775240421422,2.2350997947693027e-06
61.56312625250501,0.4416498409028753,2.1097523532212196e-06
61.75551102204409,0.4345461196835088,1.991434552966985e-06
61.947895791583164,0.4274691817357784,1.879752164457042e-06
62.140280561122246,0.42042180496846,1.7743330667760545e-06
62.33266533066132,0.4134067196297142,1.6748260077953369e-06
62.5250501002004,0.4064266042507338,1.5808994338536709e-06
62.71743486973948,0.39948408176283023,1.4922403850677518e-06
62.90981963927856,0.3925817157990896,1.4085534525919802e-06
63.102204408817634,0.38572200719071803,1.3295597943538582e-06
63.294589178356716,0.3789073906671065,1.254996205985765e-06
63.48697394789579,0.3721402317675547,1.184614243858026e-06
63.679358717434866,0.3654228239714557,1.1181793972914956e-06
63.87174348697395,0.3587573860526103,1.0554703071919183e-06
64.06412825651303,0.35214605966218876,9.962780285027876e-07
64.2565130260521,0.3455909071437134,9.404053340194952e-07
64.44889779559118,0.3390939095823074,8.876660572453471e-07
64.64128256513025,0.3326569650893398,8.378844721000341e-07
64.83366733466934,0.3262818873225086,7.908947074139431e-07
65.02605210420842,0.319970404240358,7.465401942576144e-07
65.21843687374749,0.313724157089198,7.046731442649325e-07
65.41082164328657,0.30754469961944897,6.651540572120302e-07
65.60320641282566,0.30143349752749565,6.27851256211252e-07
65.79559118236473,0.2953919281182901,5.926404489715557e-07
65.9879759519038,0.2894212801831246,5.594043136635567e-07
66.18036072144288,0.28352275408627425,5.280321080094345e-07
66.37274549098197,0.27769746205351575,4.984193002952491e-07
66.56513026052104,0.2719464286549308,4.704672210762736e-07
66.75751503006012,0.2662705914738504,4.440827344148704e-07
66.9498997995992,0.2606708019533361,4.1917792755557195e-07
67.14228456913827,0.25514782641117445,3.956698180033684e-07
67.33466933867736,0.24970234721402929,3.734800770292617e-07
67.52705410821643,0.2443349641011249,3.5253476868183434e-07
67.71943887775551,0.23904619564761598,3.3276410343524643e-07
67.91182364729458,0.2338364808576691,3.141022056528661e-07
68.10420841683367,0.2287061808771805,2.9648689409173953e-07
68.29659318637275,0.22365558081603618,2.798594747165684e-07
68.48897795591182,0.21868489166983687,2.641645451328626e-07
68.6813627254509,0.21379425233109983,2.493498099876849e-07
68.87374749498998,0.2089837316800595,2.35365906722894e-07
69.06613226452906,0.2042533307453674,2.2216624110033143e-07
69.25851703406813,0.19960298492518955,2.097068319509165e-07
69.45090180360721,0.1950325662594556,1.9794616463039152e-07
69.6432865731463,0.19054188574427822,1.8684505269341778e-07
69.83567134268537,0.18613069567987603,1.763665073251521e-07
70.02805611222445,0.1817986920436531,1.6647561409523847e-07
70.22044088176352,0.17754551688045173,1.5713941662358652e-07
70.4128256513026,0.17337076070235272,1.4832680677030443e-07
70.60521042084169,0.16927396489078692,1.4000842098391433e-07
70.79759519038076,0.1652546240941146,1.321565424624843e-07
70.98997995991984,0.1613121886142277,1.247450088016792e-07
71.18236472945891,0.15744606677614553,1.1774912482202994e-07
71.374749498998,0.15365562727497306,1.1114558028495305e-07
71.56713426853707,0.1499402014950099,1.0491237222336348e-07
71.75951903807615,0.14629908579619372,9.902873162808198e-08
71.95190380761522,0.14273154376347646,9.347505424576512e-08
72.14428857715431,0.1392368084151133,8.823283525777839e-08
72.33667334669339,0.13581408436624118,8.328460762236205e-08
72.52905811623246,0.13246254994449097,7.861388387464812e-08
72.72144288577154,0.12918135925475246,7.420510119061243e-08
72.91382765531063,0.12596964419055423,7.004356953191169e-08
73.1062124248497,0.12282651638986755,6.611542269882973e-08
73.29859719438878,0.1197510691334608,6.240757212823673e-08
73.49098196392785,0.11674237918424975,5.890766328262674e-08
73.68336673346694,0.11379950856637587,5.5604034484913535e-08
73.87575150300601,0.11092150628302967,5.248567806183011e-08
74.06813627254509,0.1081074099722929,4.954220366645762e-08
74.26052104208416,0.1053562475005296,4.6763803657679745e-08
74.45290581162324,0.10266703849307719,4.414122042120355e-08
74.64529058116233,0.10003879580221141,4.166571552326485e-08
74.8376753507014,0.09747052691255534,3.9329040594235826e-08
75.03006012024048,0.09496123528428474,3.7123409845120356e-08
75.22244488977955,0.09250992163465757,3.5041474125364094e-08
75.41482965931864,0.09011558515854222,3.307629643553849e-08
75.60721442885772,0.0877772246887651,3.1221328813308943e-08
75.79959919839679,0.08549383979721949,2.9470390515668914e-08
75.99198396793587,0.08326443183779735,2.781764742474772e-08
76.18436873747495,0.08108800493229965,2.62575926085682e-08
76.37675350701403,0.07896356690057474,2.4785027971986005e-08
76.5691382765531,0.07689013013620685,2.339504693666945e-08
76.76152304609218,0.07486671242914893,2.208301809241195e-08
76.95390781563127,0.07289233773674415,2.084456976530142e-08
77.14629258517034,0.07096603690463234,1.9675575451330247e-08
77.33867735470942,0.06908684833906988,1.857214006690781e-08
77.53106212424849,0.06725381863222707,1.7530586970465345e-08
77.72344689378757,0.06546600314204275,1.6547445711907444e-08
77.91583166332666,0.06372246652823328,1.5619440469092144e-08
78.10821643286573,0.062022283246060406,1.474347913281027e-08
78.3006012024048,0.06036453799946165,1.3916643003894171e-08
78.49298597194388,0.05874832615514665,1.313617706812868e-08
78.68537074148297,0.05717275411924976,1.2399480816558318e-08
78.87775551102204,0.05563693967811811,1.1704099580605634e-08
79.07014028056112,0.05414001230479331,1.1047716353128204e-08
79.2625250501002,0.05268111343272788,1.0428144068163192e-08
79.45490981963928,0.0512593966982471,9.843318313634648e-09
79.64729458917836,0.049874028153243495,9.291290452743435e-09
79.83967935871743,0.04852418644955654,8.77022113111895e-09
80.03206412825651,0.047209062996462166,8.278374148099791e-09
80.2244488977956,0.045927862092657194,7.81411067172177e-09
80.41683366733467,0.04467980103409164,7.37588377813803e-09
80.60921843687375,0.043464110198960695,6.962233297276235e-09
80.80160320641282,0.04228003311113338,6.571780947559037e-09
80.9939879759519,0.04112682648325232,6.203225743476648e-09
81.18637274549098,0.040003760240700764,5.855339660709263e-09
81.37875751503006,0.03891011752759268,5.526963544356002e-09
81.57114228456913,0.03784519469589943,5.217003246636161e-09
81.76352705410821,0.036808301278789035,4.924425981194083e-09
81.9559118236473,0.03579875994921017,4.648256881859757e-09
82.14829659318637,0.034815906464715496,4.3875757543994814e-09
82.34068136272545,0.033859089599476595,4.141514010432773e-09
82.53306613226452,0.03292767106440602,3.909251773300001e-09
82.72545090180361,0.032021025416260715,3.6900151462370997e-09
82.91783567134269,0.031138539956564574,3.483073633755161e-09
83.11022044088176,0.03027961462114882,3.287737707632733e-09
83.30260521042084,0.02944366186107423,3.1033565094109385e-09
83.49498997995993,0.02863010651566153,2.929315681736088e-09
83.687374749499,0.027838385678322752,2.7650353213237545e-09
83.87975951903807,0.027067948555850575,2.60996804672359e-09
84.07214428857715,0.02631825632179224,2.463597174446841e-09
84.26452905811624,0.02558878196449988,2.3254349973792567e-09
84.45691382765531,0.02487901013042,2.1950211597432104e-09
84.64929859719439,0.024188436963153148,2.071921123194218e-09
84.84168336673346,0.023516569938787556,1.9557247189411893e-09
85.03406813627254,0.022862927697981036,1.8460447810657965e-09
85.22645290581163,0.022227039875239003,1.742515856487351e-09
85.4188376753507,0.021608446925810848,1.6447929872747796e-09
85.61122244488978,0.021006699950600713,1.5525505612482869e-09
85.80360721442885,0.02042136051946664,1.4654812270410104e-09
85.99599198396794,0.01985200049325698,1.3832948700056392e-09
86.18837675350701,0.01929820184491271,1.3057176455536796e-09
86.38076152304609,0.01875955647994145,1.2324910667064619e-09
86.57314629258516,0.018235666056550727,1.1633711428176797e-09
86.76553106212425,0.017726141805707,1.0981275665976127e-09
86.95791583166333,0.017230604351369857,1.0365429467302623e-09
87.1503006012024,0.0167486835311322,9.784120835263955e-10
87.34268537074148,0.01628001821748153,9.235412851991124e-10
87.53507014028057,0.015824256139880973,8.71747722483632e-10
87.72745490981964,0.015381053707853642,8.228588194509935e-10
87.91983967935872,0.014950075835239465,7.767116784857898e-10
88.11222444889779,0.014530995765780555,7.331525375120355e-10
88.30460921843687,0.014123494900177759,6.920362576585817e-10
88.49699398797596,0.013727262624748668,6.532258396570401e-10
88.68937875751503,0.013341996141806658,6.165919673608107e-10
88.8817635270541,0.012967400301868293,5.820125768642296e-10
89.07414829659318,0.012603187437787506,5.493724497861718e-10
89.26653306613227,0.012249077200904051,5.185628293628986e-10
89.45891783567134,0.011904796399285399,4.894810580709985e-10
89.65130260521042,0.011570078838131739,4.6203023557294445e-10
89.84368737474949,0.011244665162406537,4.361188958456042e-10
90.03607214428858,0.010928302701746785,4.1166070241583466e-10
90.22845691382766,0.010620745317700138,3.8857416068773306e-10
90.42084168336673,0.010321753253329192,3.667823464029848e-10
90.6132264529058,0.010031092985217286,3.462126493295728e-10
90.8056112224449,0.009748537077903881,3.2679653132478905e-10
90.99799599198397,0.00947386404077221,3.0846929796644957e-10
91.19038076152304,0.009206858187406543,2.9116988299134563e-10
91.38276553106212,0.0089473094974322,2.7484064482272287e-10
91.5751503006012,0.00869501348084616,2.59427174508794e-10
91.76753507014028,0.008449771044842487,2.448781144323436e-10
91.95991983967936,0.008211388363133006,2.311449871873726e-10
92.15230460921843,0.007979676747759443,2.1818203405258052e-10
92.34468937875751,0.007754452523390808,2.0594606252351107e-10
92.5370741482966,0.007535536904096149,1.9439630239530726e-10
92.72945891783567,0.007322755872580123,1.8349426991656738e-10
92.92184368737475,0.00711594006186628,1.732036395616458e-10
93.11422845691382,0.006914924639410685,1.6349012299416064e-10
93.30661322645291,0.006719549193626209,1.5432135481840007e-10
93.49899799599199,0.006529657622795819,1.4566678473796839e-10
93.69138276553106,0.006345098026351377,1.3749757576232316e-10
93.88376753507013,0.006165722598493174,1.2978650812204928e-10
94.07615230460922,0.005991387524123354,1.2250788857270258e-10
94.2685370741483,0.005821952877065654,1.1563746478503121e-10
94.46092184368737,0.005657282520542166,1.091523445363159e-10
94.65330661322645,0.00549724400987739,1.0303091943358206e-10
94.84569138276554,0.0053417084973982325,9.72527929145285e-11
95.03807615230461,0.005190550639498464,9.179871228626874e-11
95.23046092184369,0.005043648505834803,8.665050457543896e-11
95.42284569138276,0.004900883490621821,8.179101597592991e-11
95.61523046092184,0.004762140225991826,7.720405469247821e-11
95.80761523046093,0.0046273064973858325,7.287433698967235e-11
96.0,0.0044962731609411825,6.87874362666144e-11
